timestamp,alert_type,severity,message
2026-02-15 06:00:00+00:00,elevated_consumption,info,Elevated consumption at 2026-02-15 06:00:00+00:00: 624 W above normal for this time of day.
2026-02-15 06:15:00+00:00,elevated_consumption,info,Elevated consumption at 2026-02-15 06:15:00+00:00: 702 W above normal for this time of day.
2026-02-15 06:30:00+00:00,elevated_consumption,info,Elevated consumption at 2026-02-15 06:30:00+00:00: 785 W above normal for this time of day.
2026-02-15 06:45:00+00:00,elevated_consumption,info,Elevated consumption at 2026-02-15 06:45:00+00:00: 868 W above normal for this time of day.
2026-02-15 08:00:00+00:00,elevated_consumption,info,Elevated consumption at 2026-02-15 08:00:00+00:00: 3881 W above normal for this time of day.
2026-02-15 08:15:00+00:00,elevated_consumption,info,Elevated consumption at 2026-02-15 08:15:00+00:00: 3724 W above normal for this time of day.
2026-02-15 10:15:00+00:00,elevated_consumption,info,Elevated consumption at 2026-02-15 10:15:00+00:00: 2196 W above normal for this time of day.
2026-02-15 21:00:00+00:00,elevated_consumption,info,Elevated consumption at 2026-02-15 21:00:00+00:00: 2348 W above normal for this time of day.
2026-02-15 21:15:00+00:00,elevated_consumption,info,Elevated consumption at 2026-02-15 21:15:00+00:00: 1911 W above normal for this time of day.
2026-02-15 21:30:00+00:00,elevated_consumption,info,Elevated consumption at 2026-02-15 21:30:00+00:00: 2244 W above normal for this time of day.
2026-02-15 21:45:00+00:00,elevated_consumption,info,Elevated consumption at 2026-02-15 21:45:00+00:00: 1950 W above normal for this time of day.
2026-02-15 22:00:00+00:00,elevated_consumption,info,Elevated consumption at 2026-02-15 22:00:00+00:00: 1794 W above normal for this time of day.
2026-02-15 22:15:00+00:00,elevated_consumption,info,Elevated consumption at 2026-02-15 22:15:00+00:00: 1672 W above normal for this time of day.
2026-02-15 22:30:00+00:00,elevated_consumption,info,Elevated consumption at 2026-02-15 22:30:00+00:00: 1541 W above normal for this time of day.
2026-02-15 22:45:00+00:00,elevated_consumption,info,Elevated consumption at 2026-02-15 22:45:00+00:00: 1312 W above normal for this time of day.
2026-02-15 23:00:00+00:00,elevated_consumption,info,Elevated consumption at 2026-02-15 23:00:00+00:00: 893 W above normal for this time of day.
2026-02-15 23:15:00+00:00,elevated_consumption,info,Elevated consumption at 2026-02-15 23:15:00+00:00: 862 W above normal for this time of day.
2026-02-15 23:30:00+00:00,elevated_consumption,info,Elevated consumption at 2026-02-15 23:30:00+00:00: 662 W above normal for this time of day.
2026-02-15 23:45:00+00:00,elevated_consumption,info,Elevated consumption at 2026-02-15 23:45:00+00:00: 478 W above normal for this time of day.
2026-02-16 06:00:00+00:00,elevated_consumption,info,Elevated consumption at 2026-02-16 06:00:00+00:00: 570 W above normal for this time of day.
2026-02-16 06:15:00+00:00,elevated_consumption,info,Elevated consumption at 2026-02-16 06:15:00+00:00: 582 W above normal for this time of day.
2026-02-16 06:30:00+00:00,elevated_consumption,info,Elevated consumption at 2026-02-16 06:30:00+00:00: 658 W above normal for this time of day.
2026-02-16 06:45:00+00:00,elevated_consumption,info,Elevated consumption at 2026-02-16 06:45:00+00:00: 799 W above normal for this time of day.
2026-02-16 08:00:00+00:00,elevated_consumption,info,Elevated consumption at 2026-02-16 08:00:00+00:00: 3540 W above normal for this time of day.
2026-02-16 08:15:00+00:00,elevated_consumption,info,Elevated consumption at 2026-02-16 08:15:00+00:00: 3523 W above normal for this time of day.
2026-02-16 21:00:00+00:00,elevated_consumption,info,Elevated consumption at 2026-02-16 21:00:00+00:00: 1997 W above normal for this time of day.
2026-02-16 21:15:00+00:00,elevated_consumption,info,Elevated consumption at 2026-02-16 21:15:00+00:00: 2192 W above normal for this time of day.
2026-02-16 22:00:00+00:00,elevated_consumption,info,Elevated consumption at 2026-02-16 22:00:00+00:00: 1800 W above normal for this time of day.
2026-02-16 22:15:00+00:00,elevated_consumption,info,Elevated consumption at 2026-02-16 22:15:00+00:00: 1516 W above normal for this time of day.
2026-02-16 22:30:00+00:00,elevated_consumption,info,Elevated consumption at 2026-02-16 22:30:00+00:00: 1253 W above normal for this time of day.
2026-02-16 22:45:00+00:00,elevated_consumption,info,Elevated consumption at 2026-02-16 22:45:00+00:00: 1208 W above normal for this time of day.
2026-02-16 23:00:00+00:00,elevated_consumption,info,Elevated consumption at 2026-02-16 23:00:00+00:00: 857 W above normal for this time of day.
2026-02-16 23:15:00+00:00,elevated_consumption,info,Elevated consumption at 2026-02-16 23:15:00+00:00: 728 W above normal for this time of day.
2026-02-16 23:30:00+00:00,elevated_consumption,info,Elevated consumption at 2026-02-16 23:30:00+00:00: 564 W above normal for this time of day.
2026-02-16 23:45:00+00:00,elevated_consumption,info,Elevated consumption at 2026-02-16 23:45:00+00:00: 452 W above normal for this time of day.
2026-02-17 06:00:00+00:00,elevated_consumption,info,Elevated consumption at 2026-02-17 06:00:00+00:00: 791 W above normal for this time of day.
2026-02-17 06:15:00+00:00,elevated_consumption,info,Elevated consumption at 2026-02-17 06:15:00+00:00: 850 W above normal for this time of day.
2026-02-17 06:30:00+00:00,elevated_consumption,info,Elevated consumption at 2026-02-17 06:30:00+00:00: 1175 W above normal for this time of day.
2026-02-17 06:45:00+00:00,elevated_consumption,info,Elevated consumption at 2026-02-17 06:45:00+00:00: 1127 W above normal for this time of day.
2026-02-17 08:00:00+00:00,elevated_consumption,info,Elevated consumption at 2026-02-17 08:00:00+00:00: 4000 W above normal for this time of day.
2026-02-17 08:15:00+00:00,elevated_consumption,info,Elevated consumption at 2026-02-17 08:15:00+00:00: 3681 W above normal for this time of day.
2026-02-17 21:00:00+00:00,elevated_consumption,info,Elevated consumption at 2026-02-17 21:00:00+00:00: 2441 W above normal for this time of day.
2026-02-17 21:15:00+00:00,elevated_consumption,info,Elevated consumption at 2026-02-17 21:15:00+00:00: 1919 W above normal for this time of day.
2026-02-17 21:30:00+00:00,elevated_consumption,info,Elevated consumption at 2026-02-17 21:30:00+00:00: 1851 W above normal for this time of day.
2026-02-17 22:00:00+00:00,elevated_consumption,info,Elevated consumption at 2026-02-17 22:00:00+00:00: 1751 W above normal for this time of day.
2026-02-17 22:15:00+00:00,elevated_consumption,info,Elevated consumption at 2026-02-17 22:15:00+00:00: 1417 W above normal for this time of day.
2026-02-17 22:30:00+00:00,elevated_consumption,info,Elevated consumption at 2026-02-17 22:30:00+00:00: 1058 W above normal for this time of day.
2026-02-17 22:45:00+00:00,elevated_consumption,info,Elevated consumption at 2026-02-17 22:45:00+00:00: 1045 W above normal for this time of day.
2026-02-17 23:00:00+00:00,elevated_consumption,info,Elevated consumption at 2026-02-17 23:00:00+00:00: 770 W above normal for this time of day.
2026-02-17 23:15:00+00:00,elevated_consumption,info,Elevated consumption at 2026-02-17 23:15:00+00:00: 694 W above normal for this time of day.
2026-02-17 23:30:00+00:00,elevated_consumption,info,Elevated consumption at 2026-02-17 23:30:00+00:00: 490 W above normal for this time of day.
2026-02-17 23:45:00+00:00,elevated_consumption,info,Elevated consumption at 2026-02-17 23:45:00+00:00: 452 W above normal for this time of day.
2026-02-18 06:00:00+00:00,elevated_consumption,info,Elevated consumption at 2026-02-18 06:00:00+00:00: 806 W above normal for this time of day.
2026-02-18 06:15:00+00:00,elevated_consumption,info,Elevated consumption at 2026-02-18 06:15:00+00:00: 1046 W above normal for this time of day.
2026-02-18 06:30:00+00:00,elevated_consumption,info,Elevated consumption at 2026-02-18 06:30:00+00:00: 1093 W above normal for this time of day.
2026-02-18 06:45:00+00:00,elevated_consumption,info,Elevated consumption at 2026-02-18 06:45:00+00:00: 1064 W above normal for this time of day.
2026-02-18 08:00:00+00:00,elevated_consumption,info,Elevated consumption at 2026-02-18 08:00:00+00:00: 3986 W above normal for this time of day.
2026-02-18 08:15:00+00:00,elevated_consumption,info,Elevated consumption at 2026-02-18 08:15:00+00:00: 3495 W above normal for this time of day.
2026-02-18 21:00:00+00:00,elevated_consumption,info,Elevated consumption at 2026-02-18 21:00:00+00:00: 2095 W above normal for this time of day.
2026-02-18 22:00:00+00:00,elevated_consumption,info,Elevated consumption at 2026-02-18 22:00:00+00:00: 1502 W above normal for this time of day.
2026-02-18 22:15:00+00:00,elevated_consumption,info,Elevated consumption at 2026-02-18 22:15:00+00:00: 1474 W above normal for this time of day.
2026-02-18 22:30:00+00:00,elevated_consumption,info,Elevated consumption at 2026-02-18 22:30:00+00:00: 1218 W above normal for this time of day.
2026-02-18 22:45:00+00:00,elevated_consumption,info,Elevated consumption at 2026-02-18 22:45:00+00:00: 980 W above normal for this time of day.
2026-02-18 23:00:00+00:00,elevated_consumption,info,Elevated consumption at 2026-02-18 23:00:00+00:00: 730 W above normal for this time of day.
2026-02-18 23:15:00+00:00,elevated_consumption,info,Elevated consumption at 2026-02-18 23:15:00+00:00: 612 W above normal for this time of day.
2026-02-18 23:30:00+00:00,elevated_consumption,info,Elevated consumption at 2026-02-18 23:30:00+00:00: 536 W above normal for this time of day.
2026-02-18 23:45:00+00:00,elevated_consumption,info,Elevated consumption at 2026-02-18 23:45:00+00:00: 450 W above normal for this time of day.
2026-02-19 06:00:00+00:00,elevated_consumption,info,Elevated consumption at 2026-02-19 06:00:00+00:00: 888 W above normal for this time of day.
2026-02-19 06:15:00+00:00,elevated_consumption,info,Elevated consumption at 2026-02-19 06:15:00+00:00: 915 W above normal for this time of day.
2026-02-19 06:30:00+00:00,elevated_consumption,info,Elevated consumption at 2026-02-19 06:30:00+00:00: 1056 W above normal for this time of day.
2026-02-19 06:45:00+00:00,elevated_consumption,info,Elevated consumption at 2026-02-19 06:45:00+00:00: 970 W above normal for this time of day.
2026-02-19 08:00:00+00:00,elevated_consumption,info,Elevated consumption at 2026-02-19 08:00:00+00:00: 3580 W above normal for this time of day.
2026-02-19 08:15:00+00:00,elevated_consumption,info,Elevated consumption at 2026-02-19 08:15:00+00:00: 3439 W above normal for this time of day.
2026-02-19 21:15:00+00:00,elevated_consumption,info,Elevated consumption at 2026-02-19 21:15:00+00:00: 1851 W above normal for this time of day.
2026-02-19 22:00:00+00:00,elevated_consumption,info,Elevated consumption at 2026-02-19 22:00:00+00:00: 1528 W above normal for this time of day.
2026-02-19 22:15:00+00:00,elevated_consumption,info,Elevated consumption at 2026-02-19 22:15:00+00:00: 1361 W above normal for this time of day.
2026-02-19 22:30:00+00:00,elevated_consumption,info,Elevated consumption at 2026-02-19 22:30:00+00:00: 1327 W above normal for this time of day.
2026-02-19 23:00:00+00:00,elevated_consumption,info,Elevated consumption at 2026-02-19 23:00:00+00:00: 845 W above normal for this time of day.
2026-02-19 23:15:00+00:00,elevated_consumption,info,Elevated consumption at 2026-02-19 23:15:00+00:00: 713 W above normal for this time of day.
2026-02-19 23:30:00+00:00,elevated_consumption,info,Elevated consumption at 2026-02-19 23:30:00+00:00: 498 W above normal for this time of day.
2026-02-19 23:45:00+00:00,elevated_consumption,info,Elevated consumption at 2026-02-19 23:45:00+00:00: 451 W above normal for this time of day.
2026-02-20 06:00:00+00:00,elevated_consumption,info,Elevated consumption at 2026-02-20 06:00:00+00:00: 788 W above normal for this time of day.
2026-02-20 06:15:00+00:00,elevated_consumption,info,Elevated consumption at 2026-02-20 06:15:00+00:00: 892 W above normal for this time of day.
2026-02-20 06:30:00+00:00,elevated_consumption,info,Elevated consumption at 2026-02-20 06:30:00+00:00: 936 W above normal for this time of day.
2026-02-20 06:45:00+00:00,elevated_consumption,info,Elevated consumption at 2026-02-20 06:45:00+00:00: 1100 W above normal for this time of day.
2026-02-20 08:00:00+00:00,elevated_consumption,info,Elevated consumption at 2026-02-20 08:00:00+00:00: 3770 W above normal for this time of day.
2026-02-20 08:15:00+00:00,elevated_consumption,info,Elevated consumption at 2026-02-20 08:15:00+00:00: 3632 W above normal for this time of day.
2026-02-20 21:00:00+00:00,elevated_consumption,info,Elevated consumption at 2026-02-20 21:00:00+00:00: 1920 W above normal for this time of day.
2026-02-20 21:15:00+00:00,elevated_consumption,info,Elevated consumption at 2026-02-20 21:15:00+00:00: 2043 W above normal for this time of day.
2026-02-20 22:00:00+00:00,elevated_consumption,info,Elevated consumption at 2026-02-20 22:00:00+00:00: 1341 W above normal for this time of day.
2026-02-20 22:15:00+00:00,elevated_consumption,info,Elevated consumption at 2026-02-20 22:15:00+00:00: 1408 W above normal for this time of day.
2026-02-20 22:30:00+00:00,elevated_consumption,info,Elevated consumption at 2026-02-20 22:30:00+00:00: 1245 W above normal for this time of day.
2026-02-20 23:00:00+00:00,elevated_consumption,info,Elevated consumption at 2026-02-20 23:00:00+00:00: 742 W above normal for this time of day.
2026-02-20 23:15:00+00:00,elevated_consumption,info,Elevated consumption at 2026-02-20 23:15:00+00:00: 715 W above normal for this time of day.
2026-02-20 23:30:00+00:00,elevated_consumption,info,Elevated consumption at 2026-02-20 23:30:00+00:00: 598 W above normal for this time of day.
2026-02-20 23:45:00+00:00,elevated_consumption,info,Elevated consumption at 2026-02-20 23:45:00+00:00: 465 W above normal for this time of day.
2026-02-21 06:00:00+00:00,elevated_consumption,info,Elevated consumption at 2026-02-21 06:00:00+00:00: 810 W above normal for this time of day.
2026-02-21 06:15:00+00:00,elevated_consumption,info,Elevated consumption at 2026-02-21 06:15:00+00:00: 914 W above normal for this time of day.
2026-02-21 06:30:00+00:00,elevated_consumption,info,Elevated consumption at 2026-02-21 06:30:00+00:00: 1227 W above normal for this time of day.
2026-02-21 08:00:00+00:00,elevated_consumption,info,Elevated consumption at 2026-02-21 08:00:00+00:00: 4011 W above normal for this time of day.
2026-02-21 08:15:00+00:00,elevated_consumption,info,Elevated consumption at 2026-02-21 08:15:00+00:00: 3941 W above normal for this time of day.
2026-02-21 21:00:00+00:00,elevated_consumption,info,Elevated consumption at 2026-02-21 21:00:00+00:00: 1928 W above normal for this time of day.
2026-02-21 21:15:00+00:00,elevated_consumption,info,Elevated consumption at 2026-02-21 21:15:00+00:00: 2285 W above normal for this time of day.
2026-02-21 21:30:00+00:00,elevated_consumption,info,Elevated consumption at 2026-02-21 21:30:00+00:00: 2023 W above normal for this time of day.
2026-02-21 22:00:00+00:00,elevated_consumption,info,Elevated consumption at 2026-02-21 22:00:00+00:00: 1789 W above normal for this time of day.
2026-02-21 22:15:00+00:00,elevated_consumption,info,Elevated consumption at 2026-02-21 22:15:00+00:00: 1674 W above normal for this time of day.
2026-02-21 22:30:00+00:00,elevated_consumption,info,Elevated consumption at 2026-02-21 22:30:00+00:00: 1268 W above normal for this time of day.
2026-02-21 22:45:00+00:00,elevated_consumption,info,Elevated consumption at 2026-02-21 22:45:00+00:00: 1114 W above normal for this time of day.
2026-02-21 23:00:00+00:00,elevated_consumption,info,Elevated consumption at 2026-02-21 23:00:00+00:00: 1007 W above normal for this time of day.
2026-02-21 23:15:00+00:00,elevated_consumption,info,Elevated consumption at 2026-02-21 23:15:00+00:00: 712 W above normal for this time of day.
2026-02-21 23:30:00+00:00,elevated_consumption,info,Elevated consumption at 2026-02-21 23:30:00+00:00: 624 W above normal for this time of day.
2026-02-21 23:45:00+00:00,elevated_consumption,info,Elevated consumption at 2026-02-21 23:45:00+00:00: 517 W above normal for this time of day.
2026-02-22 06:00:00+00:00,elevated_consumption,info,Elevated consumption at 2026-02-22 06:00:00+00:00: 525 W above normal for this time of day.
2026-02-22 06:15:00+00:00,elevated_consumption,info,Elevated consumption at 2026-02-22 06:15:00+00:00: 639 W above normal for this time of day.
2026-02-22 06:30:00+00:00,elevated_consumption,info,Elevated consumption at 2026-02-22 06:30:00+00:00: 672 W above normal for this time of day.
2026-02-22 06:45:00+00:00,elevated_consumption,info,Elevated consumption at 2026-02-22 06:45:00+00:00: 982 W above normal for this time of day.
2026-02-22 08:00:00+00:00,elevated_consumption,info,Elevated consumption at 2026-02-22 08:00:00+00:00: 3553 W above normal for this time of day.
2026-02-22 08:15:00+00:00,elevated_consumption,info,Elevated consumption at 2026-02-22 08:15:00+00:00: 3570 W above normal for this time of day.
2026-02-22 21:00:00+00:00,elevated_consumption,info,Elevated consumption at 2026-02-22 21:00:00+00:00: 2374 W above normal for this time of day.
2026-02-22 21:15:00+00:00,elevated_consumption,info,Elevated consumption at 2026-02-22 21:15:00+00:00: 2294 W above normal for this time of day.
2026-02-22 21:30:00+00:00,elevated_consumption,info,Elevated consumption at 2026-02-22 21:30:00+00:00: 2034 W above normal for this time of day.
2026-02-22 22:00:00+00:00,elevated_consumption,info,Elevated consumption at 2026-02-22 22:00:00+00:00: 1767 W above normal for this time of day.
2026-02-22 22:15:00+00:00,elevated_consumption,info,Elevated consumption at 2026-02-22 22:15:00+00:00: 1359 W above normal for this time of day.
2026-02-22 22:30:00+00:00,elevated_consumption,info,Elevated consumption at 2026-02-22 22:30:00+00:00: 1323 W above normal for this time of day.
2026-02-22 22:45:00+00:00,elevated_consumption,info,Elevated consumption at 2026-02-22 22:45:00+00:00: 1231 W above normal for this time of day.
2026-02-22 23:00:00+00:00,elevated_consumption,info,Elevated consumption at 2026-02-22 23:00:00+00:00: 954 W above normal for this time of day.
2026-02-22 23:15:00+00:00,elevated_consumption,info,Elevated consumption at 2026-02-22 23:15:00+00:00: 799 W above normal for this time of day.
2026-02-22 23:30:00+00:00,elevated_consumption,info,Elevated consumption at 2026-02-22 23:30:00+00:00: 678 W above normal for this time of day.
2026-02-22 23:45:00+00:00,elevated_consumption,info,Elevated consumption at 2026-02-22 23:45:00+00:00: 466 W above normal for this time of day.
2026-02-23 06:00:00+00:00,elevated_consumption,info,Elevated consumption at 2026-02-23 06:00:00+00:00: 540 W above normal for this time of day.
2026-02-23 06:15:00+00:00,elevated_consumption,info,Elevated consumption at 2026-02-23 06:15:00+00:00: 641 W above normal for this time of day.
2026-02-23 06:30:00+00:00,elevated_consumption,info,Elevated consumption at 2026-02-23 06:30:00+00:00: 624 W above normal for this time of day.
2026-02-23 06:45:00+00:00,elevated_consumption,info,Elevated consumption at 2026-02-23 06:45:00+00:00: 742 W above normal for this time of day.
2026-02-23 08:00:00+00:00,elevated_consumption,info,Elevated consumption at 2026-02-23 08:00:00+00:00: 3312 W above normal for this time of day.
2026-02-23 08:15:00+00:00,elevated_consumption,info,Elevated consumption at 2026-02-23 08:15:00+00:00: 3406 W above normal for this time of day.
2026-02-23 21:00:00+00:00,elevated_consumption,info,Elevated consumption at 2026-02-23 21:00:00+00:00: 2238 W above normal for this time of day.
2026-02-23 21:15:00+00:00,elevated_consumption,info,Elevated consumption at 2026-02-23 21:15:00+00:00: 2347 W above normal for this time of day.
2026-02-23 21:30:00+00:00,elevated_consumption,info,Elevated consumption at 2026-02-23 21:30:00+00:00: 1834 W above normal for this time of day.
2026-02-23 22:00:00+00:00,elevated_consumption,info,Elevated consumption at 2026-02-23 22:00:00+00:00: 1601 W above normal for this time of day.
2026-02-23 22:15:00+00:00,elevated_consumption,info,Elevated consumption at 2026-02-23 22:15:00+00:00: 1462 W above normal for this time of day.
2026-02-23 22:30:00+00:00,elevated_consumption,info,Elevated consumption at 2026-02-23 22:30:00+00:00: 1319 W above normal for this time of day.
2026-02-23 22:45:00+00:00,elevated_consumption,info,Elevated consumption at 2026-02-23 22:45:00+00:00: 1188 W above normal for this time of day.
2026-02-23 23:00:00+00:00,elevated_consumption,info,Elevated consumption at 2026-02-23 23:00:00+00:00: 771 W above normal for this time of day.
2026-02-23 23:15:00+00:00,elevated_consumption,info,Elevated consumption at 2026-02-23 23:15:00+00:00: 644 W above normal for this time of day.
2026-02-23 23:30:00+00:00,elevated_consumption,info,Elevated consumption at 2026-02-23 23:30:00+00:00: 516 W above normal for this time of day.
2026-02-24 06:00:00+00:00,elevated_consumption,info,Elevated consumption at 2026-02-24 06:00:00+00:00: 742 W above normal for this time of day.
2026-02-24 06:15:00+00:00,elevated_consumption,info,Elevated consumption at 2026-02-24 06:15:00+00:00: 890 W above normal for this time of day.
2026-02-24 06:30:00+00:00,elevated_consumption,info,Elevated consumption at 2026-02-24 06:30:00+00:00: 931 W above normal for this time of day.
2026-02-24 06:45:00+00:00,elevated_consumption,info,Elevated consumption at 2026-02-24 06:45:00+00:00: 1082 W above normal for this time of day.
2026-02-24 08:00:00+00:00,elevated_consumption,info,Elevated consumption at 2026-02-24 08:00:00+00:00: 3814 W above normal for this time of day.
2026-02-24 08:15:00+00:00,elevated_consumption,info,Elevated consumption at 2026-02-24 08:15:00+00:00: 3786 W above normal for this time of day.
2026-02-24 21:15:00+00:00,elevated_consumption,info,Elevated consumption at 2026-02-24 21:15:00+00:00: 1837 W above normal for this time of day.
2026-02-24 21:30:00+00:00,elevated_consumption,info,Elevated consumption at 2026-02-24 21:30:00+00:00: 1966 W above normal for this time of day.
2026-02-24 22:00:00+00:00,elevated_consumption,info,Elevated consumption at 2026-02-24 22:00:00+00:00: 1599 W above normal for this time of day.
2026-02-24 22:15:00+00:00,elevated_consumption,info,Elevated consumption at 2026-02-24 22:15:00+00:00: 1024 W above normal for this time of day.
2026-02-24 22:30:00+00:00,elevated_consumption,info,Elevated consumption at 2026-02-24 22:30:00+00:00: 1222 W above normal for this time of day.
2026-02-24 22:45:00+00:00,elevated_consumption,info,Elevated consumption at 2026-02-24 22:45:00+00:00: 989 W above normal for this time of day.
2026-02-24 23:00:00+00:00,elevated_consumption,info,Elevated consumption at 2026-02-24 23:00:00+00:00: 913 W above normal for this time of day.
2026-02-24 23:15:00+00:00,elevated_consumption,info,Elevated consumption at 2026-02-24 23:15:00+00:00: 732 W above normal for this time of day.
2026-02-24 23:30:00+00:00,elevated_consumption,info,Elevated consumption at 2026-02-24 23:30:00+00:00: 586 W above normal for this time of day.
2026-02-24 23:45:00+00:00,elevated_consumption,info,Elevated consumption at 2026-02-24 23:45:00+00:00: 510 W above normal for this time of day.
2026-02-25 06:00:00+00:00,elevated_consumption,info,Elevated consumption at 2026-02-25 06:00:00+00:00: 722 W above normal for this time of day.
2026-02-25 06:15:00+00:00,elevated_consumption,info,Elevated consumption at 2026-02-25 06:15:00+00:00: 1023 W above normal for this time of day.
2026-02-25 06:30:00+00:00,elevated_consumption,info,Elevated consumption at 2026-02-25 06:30:00+00:00: 1235 W above normal for this time of day.
2026-02-25 06:45:00+00:00,elevated_consumption,info,Elevated consumption at 2026-02-25 06:45:00+00:00: 1288 W above normal for this time of day.
2026-02-25 08:00:00+00:00,elevated_consumption,info,Elevated consumption at 2026-02-25 08:00:00+00:00: 4048 W above normal for this time of day.
2026-02-25 08:15:00+00:00,elevated_consumption,info,Elevated consumption at 2026-02-25 08:15:00+00:00: 3941 W above normal for this time of day.
2026-02-25 21:00:00+00:00,elevated_consumption,info,Elevated consumption at 2026-02-25 21:00:00+00:00: 2451 W above normal for this time of day.
2026-02-25 21:30:00+00:00,elevated_consumption,info,Elevated consumption at 2026-02-25 21:30:00+00:00: 1900 W above normal for this time of day.
2026-02-25 22:00:00+00:00,elevated_consumption,info,Elevated consumption at 2026-02-25 22:00:00+00:00: 1647 W above normal for this time of day.
2026-02-25 22:15:00+00:00,elevated_consumption,info,Elevated consumption at 2026-02-25 22:15:00+00:00: 1424 W above normal for this time of day.
2026-02-25 22:30:00+00:00,elevated_consumption,info,Elevated consumption at 2026-02-25 22:30:00+00:00: 1487 W above normal for this time of day.
2026-02-25 22:45:00+00:00,elevated_consumption,info,Elevated consumption at 2026-02-25 22:45:00+00:00: 1104 W above normal for this time of day.
2026-02-25 23:00:00+00:00,elevated_consumption,info,Elevated consumption at 2026-02-25 23:00:00+00:00: 718 W above normal for this time of day.
2026-02-25 23:15:00+00:00,elevated_consumption,info,Elevated consumption at 2026-02-25 23:15:00+00:00: 646 W above normal for this time of day.
2026-02-25 23:30:00+00:00,elevated_consumption,info,Elevated consumption at 2026-02-25 23:30:00+00:00: 551 W above normal for this time of day.
2026-02-26 06:00:00+00:00,elevated_consumption,info,Elevated consumption at 2026-02-26 06:00:00+00:00: 702 W above normal for this time of day.
2026-02-26 06:15:00+00:00,elevated_consumption,info,Elevated consumption at 2026-02-26 06:15:00+00:00: 856 W above normal for this time of day.
2026-02-26 06:30:00+00:00,elevated_consumption,info,Elevated consumption at 2026-02-26 06:30:00+00:00: 1147 W above normal for this time of day.
2026-02-26 06:45:00+00:00,elevated_consumption,info,Elevated consumption at 2026-02-26 06:45:00+00:00: 1081 W above normal for this time of day.
2026-02-26 08:00:00+00:00,elevated_consumption,info,Elevated consumption at 2026-02-26 08:00:00+00:00: 3559 W above normal for this time of day.
2026-02-26 08:15:00+00:00,elevated_consumption,info,Elevated consumption at 2026-02-26 08:15:00+00:00: 3376 W above normal for this time of day.
2026-02-26 20:30:00+00:00,high_consumption,critical,Very high consumption at 2026-02-26 20:30:00+00:00: 6098 W exceeds expected range significantly.
2026-02-26 20:45:00+00:00,high_consumption,critical,Very high consumption at 2026-02-26 20:45:00+00:00: 5530 W exceeds expected range significantly.
2026-02-26 21:00:00+00:00,high_consumption,critical,Very high consumption at 2026-02-26 21:00:00+00:00: 6554 W exceeds expected range significantly.
2026-02-26 21:15:00+00:00,high_consumption,critical,Very high consumption at 2026-02-26 21:15:00+00:00: 6052 W exceeds expected range significantly.
2026-02-26 21:30:00+00:00,high_consumption,critical,Very high consumption at 2026-02-26 21:30:00+00:00: 5964 W exceeds expected range significantly.
2026-02-26 21:45:00+00:00,high_consumption,critical,Very high consumption at 2026-02-26 21:45:00+00:00: 5521 W exceeds expected range significantly.
2026-02-26 22:00:00+00:00,elevated_consumption,info,Elevated consumption at 2026-02-26 22:00:00+00:00: 4432 W above normal for this time of day.
2026-02-26 22:15:00+00:00,elevated_consumption,info,Elevated consumption at 2026-02-26 22:15:00+00:00: 4121 W above normal for this time of day.
2026-02-26 22:30:00+00:00,elevated_consumption,info,Elevated consumption at 2026-02-26 22:30:00+00:00: 1076 W above normal for this time of day.
2026-02-26 23:00:00+00:00,elevated_consumption,info,Elevated consumption at 2026-02-26 23:00:00+00:00: 729 W above normal for this time of day.
2026-02-26 23:15:00+00:00,elevated_consumption,info,Elevated consumption at 2026-02-26 23:15:00+00:00: 658 W above normal for this time of day.
2026-02-26 23:30:00+00:00,elevated_consumption,info,Elevated consumption at 2026-02-26 23:30:00+00:00: 539 W above normal for this time of day.
2026-02-26 23:45:00+00:00,elevated_consumption,info,Elevated consumption at 2026-02-26 23:45:00+00:00: 440 W above normal for this time of day.
2026-02-27 06:00:00+00:00,elevated_consumption,info,Elevated consumption at 2026-02-27 06:00:00+00:00: 736 W above normal for this time of day.
2026-02-27 06:15:00+00:00,elevated_consumption,info,Elevated consumption at 2026-02-27 06:15:00+00:00: 1016 W above normal for this time of day.
2026-02-27 06:30:00+00:00,elevated_consumption,info,Elevated consumption at 2026-02-27 06:30:00+00:00: 994 W above normal for this time of day.
2026-02-27 06:45:00+00:00,elevated_consumption,info,Elevated consumption at 2026-02-27 06:45:00+00:00: 1067 W above normal for this time of day.
2026-02-27 08:00:00+00:00,elevated_consumption,info,Elevated consumption at 2026-02-27 08:00:00+00:00: 3848 W above normal for this time of day.
2026-02-27 08:15:00+00:00,elevated_consumption,info,Elevated consumption at 2026-02-27 08:15:00+00:00: 3657 W above normal for this time of day.
2026-02-27 21:00:00+00:00,elevated_consumption,info,Elevated consumption at 2026-02-27 21:00:00+00:00: 1936 W above normal for this time of day.
2026-02-27 21:15:00+00:00,elevated_consumption,info,Elevated consumption at 2026-02-27 21:15:00+00:00: 2034 W above normal for this time of day.
2026-02-27 21:30:00+00:00,elevated_consumption,info,Elevated consumption at 2026-02-27 21:30:00+00:00: 1834 W above normal for this time of day.
2026-02-27 22:00:00+00:00,elevated_consumption,info,Elevated consumption at 2026-02-27 22:00:00+00:00: 1363 W above normal for this time of day.
2026-02-27 22:15:00+00:00,elevated_consumption,info,Elevated consumption at 2026-02-27 22:15:00+00:00: 1344 W above normal for this time of day.
2026-02-27 22:30:00+00:00,elevated_consumption,info,Elevated consumption at 2026-02-27 22:30:00+00:00: 1186 W above normal for this time of day.
2026-02-27 23:00:00+00:00,elevated_consumption,info,Elevated consumption at 2026-02-27 23:00:00+00:00: 842 W above normal for this time of day.
2026-02-27 23:15:00+00:00,elevated_consumption,info,Elevated consumption at 2026-02-27 23:15:00+00:00: 704 W above normal for this time of day.
2026-02-27 23:30:00+00:00,elevated_consumption,info,Elevated consumption at 2026-02-27 23:30:00+00:00: 652 W above normal for this time of day.
2026-02-27 23:45:00+00:00,elevated_consumption,info,Elevated consumption at 2026-02-27 23:45:00+00:00: 456 W above normal for this time of day.
2026-02-28 06:00:00+00:00,elevated_consumption,info,Elevated consumption at 2026-02-28 06:00:00+00:00: 908 W above normal for this time of day.
2026-02-28 06:15:00+00:00,elevated_consumption,info,Elevated consumption at 2026-02-28 06:15:00+00:00: 1038 W above normal for this time of day.
2026-02-28 06:30:00+00:00,elevated_consumption,info,Elevated consumption at 2026-02-28 06:30:00+00:00: 1199 W above normal for this time of day.
2026-02-28 06:45:00+00:00,elevated_consumption,info,Elevated consumption at 2026-02-28 06:45:00+00:00: 1197 W above normal for this time of day.
2026-02-28 08:00:00+00:00,elevated_consumption,info,Elevated consumption at 2026-02-28 08:00:00+00:00: 4144 W above normal for this time of day.
2026-02-28 08:15:00+00:00,elevated_consumption,info,Elevated consumption at 2026-02-28 08:15:00+00:00: 4023 W above normal for this time of day.
2026-02-28 21:00:00+00:00,elevated_consumption,info,Elevated consumption at 2026-02-28 21:00:00+00:00: 2288 W above normal for this time of day.
2026-02-28 21:15:00+00:00,elevated_consumption,info,Elevated consumption at 2026-02-28 21:15:00+00:00: 2407 W above normal for this time of day.
2026-02-28 22:00:00+00:00,elevated_consumption,info,Elevated consumption at 2026-02-28 22:00:00+00:00: 1730 W above normal for this time of day.
2026-02-28 22:15:00+00:00,elevated_consumption,info,Elevated consumption at 2026-02-28 22:15:00+00:00: 1651 W above normal for this time of day.
2026-02-28 22:30:00+00:00,elevated_consumption,info,Elevated consumption at 2026-02-28 22:30:00+00:00: 1169 W above normal for this time of day.
2026-02-28 22:45:00+00:00,elevated_consumption,info,Elevated consumption at 2026-02-28 22:45:00+00:00: 999 W above normal for this time of day.
2026-02-28 23:00:00+00:00,elevated_consumption,info,Elevated consumption at 2026-02-28 23:00:00+00:00: 1006 W above normal for this time of day.
2026-02-28 23:15:00+00:00,elevated_consumption,info,Elevated consumption at 2026-02-28 23:15:00+00:00: 902 W above normal for this time of day.
2026-02-28 23:30:00+00:00,elevated_consumption,info,Elevated consumption at 2026-02-28 23:30:00+00:00: 697 W above normal for this time of day.
2026-02-28 23:45:00+00:00,elevated_consumption,info,Elevated consumption at 2026-02-28 23:45:00+00:00: 548 W above normal for this time of day.
2026-03-01 06:00:00+00:00,elevated_consumption,info,Elevated consumption at 2026-03-01 06:00:00+00:00: 577 W above normal for this time of day.
2026-03-01 06:15:00+00:00,elevated_consumption,info,Elevated consumption at 2026-03-01 06:15:00+00:00: 687 W above normal for this time of day.
2026-03-01 06:30:00+00:00,elevated_consumption,info,Elevated consumption at 2026-03-01 06:30:00+00:00: 740 W above normal for this time of day.
2026-03-01 06:45:00+00:00,elevated_consumption,info,Elevated consumption at 2026-03-01 06:45:00+00:00: 831 W above normal for this time of day.
2026-03-01 08:00:00+00:00,elevated_consumption,info,Elevated consumption at 2026-03-01 08:00:00+00:00: 3688 W above normal for this time of day.
2026-03-01 08:15:00+00:00,elevated_consumption,info,Elevated consumption at 2026-03-01 08:15:00+00:00: 3737 W above normal for this time of day.
2026-03-01 21:00:00+00:00,elevated_consumption,info,Elevated consumption at 2026-03-01 21:00:00+00:00: 2339 W above normal for this time of day.
2026-03-01 21:15:00+00:00,elevated_consumption,info,Elevated consumption at 2026-03-01 21:15:00+00:00: 2160 W above normal for this time of day.
2026-03-01 22:00:00+00:00,elevated_consumption,info,Elevated consumption at 2026-03-01 22:00:00+00:00: 1590 W above normal for this time of day.
2026-03-01 22:15:00+00:00,elevated_consumption,info,Elevated consumption at 2026-03-01 22:15:00+00:00: 1663 W above normal for this time of day.
2026-03-01 22:30:00+00:00,elevated_consumption,info,Elevated consumption at 2026-03-01 22:30:00+00:00: 1429 W above normal for this time of day.
2026-03-01 22:45:00+00:00,elevated_consumption,info,Elevated consumption at 2026-03-01 22:45:00+00:00: 1274 W above normal for this time of day.
2026-03-01 23:00:00+00:00,elevated_consumption,info,Elevated consumption at 2026-03-01 23:00:00+00:00: 890 W above normal for this time of day.
2026-03-01 23:15:00+00:00,elevated_consumption,info,Elevated consumption at 2026-03-01 23:15:00+00:00: 813 W above normal for this time of day.
2026-03-01 23:30:00+00:00,elevated_consumption,info,Elevated consumption at 2026-03-01 23:30:00+00:00: 570 W above normal for this time of day.
2026-03-01 23:45:00+00:00,elevated_consumption,info,Elevated consumption at 2026-03-01 23:45:00+00:00: 464 W above normal for this time of day.
2026-03-02 06:00:00+00:00,elevated_consumption,info,Elevated consumption at 2026-03-02 06:00:00+00:00: 525 W above normal for this time of day.
2026-03-02 06:15:00+00:00,elevated_consumption,info,Elevated consumption at 2026-03-02 06:15:00+00:00: 593 W above normal for this time of day.
2026-03-02 06:30:00+00:00,elevated_consumption,info,Elevated consumption at 2026-03-02 06:30:00+00:00: 641 W above normal for this time of day.
2026-03-02 06:45:00+00:00,elevated_consumption,info,Elevated consumption at 2026-03-02 06:45:00+00:00: 757 W above normal for this time of day.
2026-03-02 08:00:00+00:00,elevated_consumption,info,Elevated consumption at 2026-03-02 08:00:00+00:00: 3410 W above normal for this time of day.
2026-03-02 08:15:00+00:00,elevated_consumption,info,Elevated consumption at 2026-03-02 08:15:00+00:00: 3383 W above normal for this time of day.
2026-03-02 21:00:00+00:00,elevated_consumption,info,Elevated consumption at 2026-03-02 21:00:00+00:00: 2208 W above normal for this time of day.
2026-03-02 21:15:00+00:00,elevated_consumption,info,Elevated consumption at 2026-03-02 21:15:00+00:00: 2127 W above normal for this time of day.
2026-03-02 21:30:00+00:00,elevated_consumption,info,Elevated consumption at 2026-03-02 21:30:00+00:00: 2102 W above normal for this time of day.
2026-03-02 22:00:00+00:00,elevated_consumption,info,Elevated consumption at 2026-03-02 22:00:00+00:00: 1568 W above normal for this time of day.
2026-03-02 22:15:00+00:00,elevated_consumption,info,Elevated consumption at 2026-03-02 22:15:00+00:00: 1474 W above normal for this time of day.
2026-03-02 22:30:00+00:00,elevated_consumption,info,Elevated consumption at 2026-03-02 22:30:00+00:00: 1238 W above normal for this time of day.
2026-03-02 22:45:00+00:00,elevated_consumption,info,Elevated consumption at 2026-03-02 22:45:00+00:00: 1040 W above normal for this time of day.
2026-03-02 23:00:00+00:00,elevated_consumption,info,Elevated consumption at 2026-03-02 23:00:00+00:00: 753 W above normal for this time of day.
2026-03-02 23:15:00+00:00,elevated_consumption,info,Elevated consumption at 2026-03-02 23:15:00+00:00: 673 W above normal for this time of day.
2026-03-02 23:30:00+00:00,elevated_consumption,info,Elevated consumption at 2026-03-02 23:30:00+00:00: 483 W above normal for this time of day.
2026-03-03 06:00:00+00:00,elevated_consumption,info,Elevated consumption at 2026-03-03 06:00:00+00:00: 730 W above normal for this time of day.
2026-03-03 06:15:00+00:00,elevated_consumption,info,Elevated consumption at 2026-03-03 06:15:00+00:00: 893 W above normal for this time of day.
2026-03-03 06:30:00+00:00,elevated_consumption,info,Elevated consumption at 2026-03-03 06:30:00+00:00: 954 W above normal for this time of day.
2026-03-03 06:45:00+00:00,elevated_consumption,info,Elevated consumption at 2026-03-03 06:45:00+00:00: 1051 W above normal for this time of day.
2026-03-03 08:00:00+00:00,elevated_consumption,info,Elevated consumption at 2026-03-03 08:00:00+00:00: 3784 W above normal for this time of day.
2026-03-03 08:15:00+00:00,elevated_consumption,info,Elevated consumption at 2026-03-03 08:15:00+00:00: 3648 W above normal for this time of day.
2026-03-03 21:00:00+00:00,elevated_consumption,info,Elevated consumption at 2026-03-03 21:00:00+00:00: 1900 W above normal for this time of day.
2026-03-03 21:15:00+00:00,elevated_consumption,info,Elevated consumption at 2026-03-03 21:15:00+00:00: 2025 W above normal for this time of day.
2026-03-03 22:00:00+00:00,elevated_consumption,info,Elevated consumption at 2026-03-03 22:00:00+00:00: 1456 W above normal for this time of day.
2026-03-03 22:15:00+00:00,elevated_consumption,info,Elevated consumption at 2026-03-03 22:15:00+00:00: 1349 W above normal for this time of day.
2026-03-03 22:30:00+00:00,elevated_consumption,info,Elevated consumption at 2026-03-03 22:30:00+00:00: 1079 W above normal for this time of day.
2026-03-03 23:00:00+00:00,elevated_consumption,info,Elevated consumption at 2026-03-03 23:00:00+00:00: 799 W above normal for this time of day.
2026-03-03 23:15:00+00:00,elevated_consumption,info,Elevated consumption at 2026-03-03 23:15:00+00:00: 604 W above normal for this time of day.
2026-03-03 23:30:00+00:00,elevated_consumption,info,Elevated consumption at 2026-03-03 23:30:00+00:00: 508 W above normal for this time of day.
2026-03-04 06:00:00+00:00,elevated_consumption,info,Elevated consumption at 2026-03-04 06:00:00+00:00: 720 W above normal for this time of day.
2026-03-04 06:15:00+00:00,elevated_consumption,info,Elevated consumption at 2026-03-04 06:15:00+00:00: 898 W above normal for this time of day.
2026-03-04 06:30:00+00:00,elevated_consumption,info,Elevated consumption at 2026-03-04 06:30:00+00:00: 883 W above normal for this time of day.
2026-03-04 06:45:00+00:00,elevated_consumption,info,Elevated consumption at 2026-03-04 06:45:00+00:00: 1048 W above normal for this time of day.
2026-03-04 08:00:00+00:00,elevated_consumption,info,Elevated consumption at 2026-03-04 08:00:00+00:00: 3668 W above normal for this time of day.
2026-03-04 08:15:00+00:00,elevated_consumption,info,Elevated consumption at 2026-03-04 08:15:00+00:00: 3533 W above normal for this time of day.
2026-03-04 20:15:00+00:00,high_consumption,critical,Very high consumption at 2026-03-04 20:15:00+00:00: 8497 W exceeds expected range significantly.
2026-03-04 20:30:00+00:00,high_consumption,critical,Very high consumption at 2026-03-04 20:30:00+00:00: 8274 W exceeds expected range significantly.
2026-03-04 20:45:00+00:00,high_consumption,critical,Very high consumption at 2026-03-04 20:45:00+00:00: 8727 W exceeds expected range significantly.
2026-03-04 21:00:00+00:00,high_consumption,critical,Very high consumption at 2026-03-04 21:00:00+00:00: 7449 W exceeds expected range significantly.
2026-03-04 21:15:00+00:00,high_consumption,critical,Very high consumption at 2026-03-04 21:15:00+00:00: 7202 W exceeds expected range significantly.
2026-03-04 21:30:00+00:00,high_consumption,critical,Very high consumption at 2026-03-04 21:30:00+00:00: 7346 W exceeds expected range significantly.
2026-03-04 21:45:00+00:00,high_consumption,critical,Very high consumption at 2026-03-04 21:45:00+00:00: 6188 W exceeds expected range significantly.
2026-03-04 22:00:00+00:00,elevated_consumption,info,Elevated consumption at 2026-03-04 22:00:00+00:00: 4869 W above normal for this time of day.
2026-03-04 22:15:00+00:00,elevated_consumption,info,Elevated consumption at 2026-03-04 22:15:00+00:00: 1454 W above normal for this time of day.
2026-03-04 22:30:00+00:00,elevated_consumption,info,Elevated consumption at 2026-03-04 22:30:00+00:00: 1084 W above normal for this time of day.
2026-03-04 23:00:00+00:00,elevated_consumption,info,Elevated consumption at 2026-03-04 23:00:00+00:00: 604 W above normal for this time of day.
2026-03-04 23:15:00+00:00,elevated_consumption,info,Elevated consumption at 2026-03-04 23:15:00+00:00: 602 W above normal for this time of day.
2026-03-04 23:30:00+00:00,elevated_consumption,info,Elevated consumption at 2026-03-04 23:30:00+00:00: 456 W above normal for this time of day.
2026-03-05 06:00:00+00:00,elevated_consumption,info,Elevated consumption at 2026-03-05 06:00:00+00:00: 600 W above normal for this time of day.
2026-03-05 06:15:00+00:00,elevated_consumption,info,Elevated consumption at 2026-03-05 06:15:00+00:00: 780 W above normal for this time of day.
2026-03-05 06:30:00+00:00,elevated_consumption,info,Elevated consumption at 2026-03-05 06:30:00+00:00: 899 W above normal for this time of day.
2026-03-05 06:45:00+00:00,elevated_consumption,info,Elevated consumption at 2026-03-05 06:45:00+00:00: 885 W above normal for this time of day.
2026-03-05 08:00:00+00:00,elevated_consumption,info,Elevated consumption at 2026-03-05 08:00:00+00:00: 2980 W above normal for this time of day.
2026-03-05 08:15:00+00:00,elevated_consumption,info,Elevated consumption at 2026-03-05 08:15:00+00:00: 2818 W above normal for this time of day.
2026-03-05 21:00:00+00:00,elevated_consumption,info,Elevated consumption at 2026-03-05 21:00:00+00:00: 1941 W above normal for this time of day.
2026-03-05 22:00:00+00:00,elevated_consumption,info,Elevated consumption at 2026-03-05 22:00:00+00:00: 1355 W above normal for this time of day.
2026-03-05 22:15:00+00:00,elevated_consumption,info,Elevated consumption at 2026-03-05 22:15:00+00:00: 990 W above normal for this time of day.
2026-03-05 23:00:00+00:00,elevated_consumption,info,Elevated consumption at 2026-03-05 23:00:00+00:00: 542 W above normal for this time of day.
2026-03-05 23:15:00+00:00,elevated_consumption,info,Elevated consumption at 2026-03-05 23:15:00+00:00: 527 W above normal for this time of day.
2026-03-05 23:30:00+00:00,elevated_consumption,info,Elevated consumption at 2026-03-05 23:30:00+00:00: 431 W above normal for this time of day.
2026-03-06 06:00:00+00:00,elevated_consumption,info,Elevated consumption at 2026-03-06 06:00:00+00:00: 573 W above normal for this time of day.
2026-03-06 06:15:00+00:00,elevated_consumption,info,Elevated consumption at 2026-03-06 06:15:00+00:00: 706 W above normal for this time of day.
2026-03-06 06:30:00+00:00,elevated_consumption,info,Elevated consumption at 2026-03-06 06:30:00+00:00: 810 W above normal for this time of day.
2026-03-06 06:45:00+00:00,elevated_consumption,info,Elevated consumption at 2026-03-06 06:45:00+00:00: 752 W above normal for this time of day.
2026-03-06 08:00:00+00:00,elevated_consumption,info,Elevated consumption at 2026-03-06 08:00:00+00:00: 2862 W above normal for this time of day.
2026-03-06 08:15:00+00:00,elevated_consumption,info,Elevated consumption at 2026-03-06 08:15:00+00:00: 2888 W above normal for this time of day.
2026-03-06 22:00:00+00:00,elevated_consumption,info,Elevated consumption at 2026-03-06 22:00:00+00:00: 1222 W above normal for this time of day.
2026-03-06 22:15:00+00:00,elevated_consumption,info,Elevated consumption at 2026-03-06 22:15:00+00:00: 1098 W above normal for this time of day.
2026-03-06 23:00:00+00:00,elevated_consumption,info,Elevated consumption at 2026-03-06 23:00:00+00:00: 618 W above normal for this time of day.
2026-03-06 23:15:00+00:00,elevated_consumption,info,Elevated consumption at 2026-03-06 23:15:00+00:00: 525 W above normal for this time of day.
2026-03-07 06:00:00+00:00,elevated_consumption,info,Elevated consumption at 2026-03-07 06:00:00+00:00: 600 W above normal for this time of day.
2026-03-07 06:15:00+00:00,elevated_consumption,info,Elevated consumption at 2026-03-07 06:15:00+00:00: 619 W above normal for this time of day.
2026-03-07 06:30:00+00:00,elevated_consumption,info,Elevated consumption at 2026-03-07 06:30:00+00:00: 738 W above normal for this time of day.
2026-03-07 06:45:00+00:00,elevated_consumption,info,Elevated consumption at 2026-03-07 06:45:00+00:00: 927 W above normal for this time of day.
2026-03-07 08:00:00+00:00,elevated_consumption,info,Elevated consumption at 2026-03-07 08:00:00+00:00: 2839 W above normal for this time of day.
2026-03-07 08:15:00+00:00,elevated_consumption,info,Elevated consumption at 2026-03-07 08:15:00+00:00: 2849 W above normal for this time of day.
2026-03-07 22:00:00+00:00,elevated_consumption,info,Elevated consumption at 2026-03-07 22:00:00+00:00: 1058 W above normal for this time of day.
2026-03-07 22:15:00+00:00,elevated_consumption,info,Elevated consumption at 2026-03-07 22:15:00+00:00: 1011 W above normal for this time of day.
2026-03-07 23:00:00+00:00,elevated_consumption,info,Elevated consumption at 2026-03-07 23:00:00+00:00: 817 W above normal for this time of day.
2026-03-07 23:15:00+00:00,elevated_consumption,info,Elevated consumption at 2026-03-07 23:15:00+00:00: 580 W above normal for this time of day.
2026-03-07 23:30:00+00:00,elevated_consumption,info,Elevated consumption at 2026-03-07 23:30:00+00:00: 534 W above normal for this time of day.
2026-03-08 06:00:00+00:00,elevated_consumption,info,Elevated consumption at 2026-03-08 06:00:00+00:00: 381 W above normal for this time of day.
2026-03-08 06:15:00+00:00,elevated_consumption,info,Elevated consumption at 2026-03-08 06:15:00+00:00: 485 W above normal for this time of day.
2026-03-08 06:30:00+00:00,elevated_consumption,info,Elevated consumption at 2026-03-08 06:30:00+00:00: 508 W above normal for this time of day.
2026-03-08 06:45:00+00:00,elevated_consumption,info,Elevated consumption at 2026-03-08 06:45:00+00:00: 608 W above normal for this time of day.
2026-03-08 08:00:00+00:00,elevated_consumption,info,Elevated consumption at 2026-03-08 08:00:00+00:00: 2641 W above normal for this time of day.
2026-03-08 08:15:00+00:00,elevated_consumption,info,Elevated consumption at 2026-03-08 08:15:00+00:00: 2779 W above normal for this time of day.
2026-03-08 14:15:00+00:00,elevated_consumption,info,Elevated consumption at 2026-03-08 14:15:00+00:00: 738 W above normal for this time of day.
2026-03-08 14:30:00+00:00,elevated_consumption,info,Elevated consumption at 2026-03-08 14:30:00+00:00: 680 W above normal for this time of day.
2026-03-08 14:45:00+00:00,elevated_consumption,info,Elevated consumption at 2026-03-08 14:45:00+00:00: 766 W above normal for this time of day.
2026-03-08 15:00:00+00:00,elevated_consumption,info,Elevated consumption at 2026-03-08 15:00:00+00:00: 777 W above normal for this time of day.
2026-03-08 15:30:00+00:00,elevated_consumption,info,Elevated consumption at 2026-03-08 15:30:00+00:00: 789 W above normal for this time of day.
2026-03-08 15:45:00+00:00,elevated_consumption,info,Elevated consumption at 2026-03-08 15:45:00+00:00: 782 W above normal for this time of day.
2026-03-08 16:00:00+00:00,elevated_consumption,info,Elevated consumption at 2026-03-08 16:00:00+00:00: 804 W above normal for this time of day.
2026-03-08 16:15:00+00:00,elevated_consumption,info,Elevated consumption at 2026-03-08 16:15:00+00:00: 868 W above normal for this time of day.
2026-03-08 16:30:00+00:00,elevated_consumption,info,Elevated consumption at 2026-03-08 16:30:00+00:00: 976 W above normal for this time of day.
2026-03-08 22:00:00+00:00,elevated_consumption,info,Elevated consumption at 2026-03-08 22:00:00+00:00: 1311 W above normal for this time of day.
2026-03-08 22:15:00+00:00,elevated_consumption,info,Elevated consumption at 2026-03-08 22:15:00+00:00: 1259 W above normal for this time of day.
2026-03-08 22:30:00+00:00,elevated_consumption,info,Elevated consumption at 2026-03-08 22:30:00+00:00: 979 W above normal for this time of day.
2026-03-08 23:00:00+00:00,elevated_consumption,info,Elevated consumption at 2026-03-08 23:00:00+00:00: 686 W above normal for this time of day.
2026-03-08 23:15:00+00:00,elevated_consumption,info,Elevated consumption at 2026-03-08 23:15:00+00:00: 626 W above normal for this time of day.
2026-03-08 23:30:00+00:00,elevated_consumption,info,Elevated consumption at 2026-03-08 23:30:00+00:00: 528 W above normal for this time of day.
2026-03-09 06:00:00+00:00,elevated_consumption,info,Elevated consumption at 2026-03-09 06:00:00+00:00: 407 W above normal for this time of day.
2026-03-09 06:15:00+00:00,elevated_consumption,info,Elevated consumption at 2026-03-09 06:15:00+00:00: 503 W above normal for this time of day.
2026-03-09 06:30:00+00:00,elevated_consumption,info,Elevated consumption at 2026-03-09 06:30:00+00:00: 529 W above normal for this time of day.
2026-03-09 06:45:00+00:00,elevated_consumption,info,Elevated consumption at 2026-03-09 06:45:00+00:00: 619 W above normal for this time of day.
2026-03-09 08:00:00+00:00,elevated_consumption,info,Elevated consumption at 2026-03-09 08:00:00+00:00: 2771 W above normal for this time of day.
2026-03-09 08:15:00+00:00,elevated_consumption,info,Elevated consumption at 2026-03-09 08:15:00+00:00: 2917 W above normal for this time of day.
2026-03-09 21:00:00+00:00,elevated_consumption,info,Elevated consumption at 2026-03-09 21:00:00+00:00: 1945 W above normal for this time of day.
2026-03-09 22:00:00+00:00,elevated_consumption,info,Elevated consumption at 2026-03-09 22:00:00+00:00: 1268 W above normal for this time of day.
2026-03-09 22:15:00+00:00,elevated_consumption,info,Elevated consumption at 2026-03-09 22:15:00+00:00: 1195 W above normal for this time of day.
2026-03-09 22:30:00+00:00,elevated_consumption,info,Elevated consumption at 2026-03-09 22:30:00+00:00: 989 W above normal for this time of day.
2026-03-09 23:00:00+00:00,elevated_consumption,info,Elevated consumption at 2026-03-09 23:00:00+00:00: 641 W above normal for this time of day.
2026-03-09 23:15:00+00:00,elevated_consumption,info,Elevated consumption at 2026-03-09 23:15:00+00:00: 591 W above normal for this time of day.
2026-03-09 23:30:00+00:00,elevated_consumption,info,Elevated consumption at 2026-03-09 23:30:00+00:00: 514 W above normal for this time of day.
2026-03-10 06:00:00+00:00,elevated_consumption,info,Elevated consumption at 2026-03-10 06:00:00+00:00: 696 W above normal for this time of day.
2026-03-10 06:15:00+00:00,elevated_consumption,info,Elevated consumption at 2026-03-10 06:15:00+00:00: 822 W above normal for this time of day.
2026-03-10 06:30:00+00:00,elevated_consumption,info,Elevated consumption at 2026-03-10 06:30:00+00:00: 947 W above normal for this time of day.
2026-03-10 06:45:00+00:00,elevated_consumption,info,Elevated consumption at 2026-03-10 06:45:00+00:00: 878 W above normal for this time of day.
2026-03-10 08:00:00+00:00,elevated_consumption,info,Elevated consumption at 2026-03-10 08:00:00+00:00: 3032 W above normal for this time of day.
2026-03-10 08:15:00+00:00,elevated_consumption,info,Elevated consumption at 2026-03-10 08:15:00+00:00: 3142 W above normal for this time of day.
2026-03-10 22:00:00+00:00,elevated_consumption,info,Elevated consumption at 2026-03-10 22:00:00+00:00: 1241 W above normal for this time of day.
2026-03-10 22:15:00+00:00,elevated_consumption,info,Elevated consumption at 2026-03-10 22:15:00+00:00: 1238 W above normal for this time of day.
2026-03-10 22:30:00+00:00,elevated_consumption,info,Elevated consumption at 2026-03-10 22:30:00+00:00: 989 W above normal for this time of day.
2026-03-10 23:00:00+00:00,elevated_consumption,info,Elevated consumption at 2026-03-10 23:00:00+00:00: 587 W above normal for this time of day.
2026-03-10 23:15:00+00:00,elevated_consumption,info,Elevated consumption at 2026-03-10 23:15:00+00:00: 506 W above normal for this time of day.
2026-03-11 06:00:00+00:00,elevated_consumption,info,Elevated consumption at 2026-03-11 06:00:00+00:00: 556 W above normal for this time of day.
2026-03-11 06:15:00+00:00,elevated_consumption,info,Elevated consumption at 2026-03-11 06:15:00+00:00: 772 W above normal for this time of day.
2026-03-11 06:30:00+00:00,elevated_consumption,info,Elevated consumption at 2026-03-11 06:30:00+00:00: 817 W above normal for this time of day.
2026-03-11 06:45:00+00:00,elevated_consumption,info,Elevated consumption at 2026-03-11 06:45:00+00:00: 866 W above normal for this time of day.
2026-03-11 08:00:00+00:00,elevated_consumption,info,Elevated consumption at 2026-03-11 08:00:00+00:00: 2791 W above normal for this time of day.
2026-03-11 08:15:00+00:00,elevated_consumption,info,Elevated consumption at 2026-03-11 08:15:00+00:00: 2780 W above normal for this time of day.
2026-03-11 22:00:00+00:00,elevated_consumption,info,Elevated consumption at 2026-03-11 22:00:00+00:00: 1284 W above normal for this time of day.
2026-03-11 22:15:00+00:00,elevated_consumption,info,Elevated consumption at 2026-03-11 22:15:00+00:00: 1005 W above normal for this time of day.
2026-03-11 23:00:00+00:00,elevated_consumption,info,Elevated consumption at 2026-03-11 23:00:00+00:00: 586 W above normal for this time of day.
2026-03-11 23:15:00+00:00,elevated_consumption,info,Elevated consumption at 2026-03-11 23:15:00+00:00: 542 W above normal for this time of day.
2026-03-11 23:30:00+00:00,elevated_consumption,info,Elevated consumption at 2026-03-11 23:30:00+00:00: 441 W above normal for this time of day.
2026-03-12 06:00:00+00:00,elevated_consumption,info,Elevated consumption at 2026-03-12 06:00:00+00:00: 589 W above normal for this time of day.
2026-03-12 06:15:00+00:00,elevated_consumption,info,Elevated consumption at 2026-03-12 06:15:00+00:00: 693 W above normal for this time of day.
2026-03-12 06:30:00+00:00,elevated_consumption,info,Elevated consumption at 2026-03-12 06:30:00+00:00: 905 W above normal for this time of day.
2026-03-12 06:45:00+00:00,elevated_consumption,info,Elevated consumption at 2026-03-12 06:45:00+00:00: 844 W above normal for this time of day.
2026-03-12 08:00:00+00:00,elevated_consumption,info,Elevated consumption at 2026-03-12 08:00:00+00:00: 3031 W above normal for this time of day.
2026-03-12 08:15:00+00:00,elevated_consumption,info,Elevated consumption at 2026-03-12 08:15:00+00:00: 2897 W above normal for this time of day.
2026-03-12 22:00:00+00:00,elevated_consumption,info,Elevated consumption at 2026-03-12 22:00:00+00:00: 1254 W above normal for this time of day.
2026-03-12 22:15:00+00:00,elevated_consumption,info,Elevated consumption at 2026-03-12 22:15:00+00:00: 1238 W above normal for this time of day.
2026-03-12 23:00:00+00:00,elevated_consumption,info,Elevated consumption at 2026-03-12 23:00:00+00:00: 547 W above normal for this time of day.
2026-03-12 23:15:00+00:00,elevated_consumption,info,Elevated consumption at 2026-03-12 23:15:00+00:00: 480 W above normal for this time of day.
2026-03-12 23:30:00+00:00,elevated_consumption,info,Elevated consumption at 2026-03-12 23:30:00+00:00: 434 W above normal for this time of day.
2026-03-13 06:00:00+00:00,elevated_consumption,info,Elevated consumption at 2026-03-13 06:00:00+00:00: 646 W above normal for this time of day.
2026-03-13 06:15:00+00:00,elevated_consumption,info,Elevated consumption at 2026-03-13 06:15:00+00:00: 683 W above normal for this time of day.
2026-03-13 06:30:00+00:00,elevated_consumption,info,Elevated consumption at 2026-03-13 06:30:00+00:00: 843 W above normal for this time of day.
2026-03-13 06:45:00+00:00,elevated_consumption,info,Elevated consumption at 2026-03-13 06:45:00+00:00: 936 W above normal for this time of day.
2026-03-13 08:00:00+00:00,elevated_consumption,info,Elevated consumption at 2026-03-13 08:00:00+00:00: 2856 W above normal for this time of day.
2026-03-13 08:15:00+00:00,elevated_consumption,info,Elevated consumption at 2026-03-13 08:15:00+00:00: 2914 W above normal for this time of day.
2026-03-13 21:00:00+00:00,elevated_consumption,info,Elevated consumption at 2026-03-13 21:00:00+00:00: 1859 W above normal for this time of day.
2026-03-13 22:00:00+00:00,elevated_consumption,info,Elevated consumption at 2026-03-13 22:00:00+00:00: 1144 W above normal for this time of day.
2026-03-13 22:15:00+00:00,elevated_consumption,info,Elevated consumption at 2026-03-13 22:15:00+00:00: 1140 W above normal for this time of day.
2026-03-13 23:00:00+00:00,elevated_consumption,info,Elevated consumption at 2026-03-13 23:00:00+00:00: 533 W above normal for this time of day.
2026-03-13 23:15:00+00:00,elevated_consumption,info,Elevated consumption at 2026-03-13 23:15:00+00:00: 443 W above normal for this time of day.
2026-03-14 06:00:00+00:00,elevated_consumption,info,Elevated consumption at 2026-03-14 06:00:00+00:00: 534 W above normal for this time of day.
2026-03-14 06:15:00+00:00,elevated_consumption,info,Elevated consumption at 2026-03-14 06:15:00+00:00: 583 W above normal for this time of day.
2026-03-14 06:30:00+00:00,elevated_consumption,info,Elevated consumption at 2026-03-14 06:30:00+00:00: 685 W above normal for this time of day.
2026-03-14 06:45:00+00:00,elevated_consumption,info,Elevated consumption at 2026-03-14 06:45:00+00:00: 747 W above normal for this time of day.
2026-03-14 08:00:00+00:00,elevated_consumption,info,Elevated consumption at 2026-03-14 08:00:00+00:00: 2684 W above normal for this time of day.
2026-03-14 08:15:00+00:00,elevated_consumption,info,Elevated consumption at 2026-03-14 08:15:00+00:00: 2446 W above normal for this time of day.
2026-03-14 12:15:00+00:00,elevated_consumption,info,Elevated consumption at 2026-03-14 12:15:00+00:00: 658 W above normal for this time of day.
2026-03-14 15:15:00+00:00,elevated_consumption,info,Elevated consumption at 2026-03-14 15:15:00+00:00: 461 W above normal for this time of day.
2026-03-14 16:30:00+00:00,elevated_consumption,info,Elevated consumption at 2026-03-14 16:30:00+00:00: 613 W above normal for this time of day.
2026-03-14 16:45:00+00:00,elevated_consumption,info,Elevated consumption at 2026-03-14 16:45:00+00:00: 685 W above normal for this time of day.
2026-03-14 17:00:00+00:00,elevated_consumption,info,Elevated consumption at 2026-03-14 17:00:00+00:00: 751 W above normal for this time of day.
2026-03-14 22:00:00+00:00,elevated_consumption,info,Elevated consumption at 2026-03-14 22:00:00+00:00: 1144 W above normal for this time of day.
2026-03-14 23:00:00+00:00,elevated_consumption,info,Elevated consumption at 2026-03-14 23:00:00+00:00: 714 W above normal for this time of day.
2026-03-14 23:15:00+00:00,elevated_consumption,info,Elevated consumption at 2026-03-14 23:15:00+00:00: 687 W above normal for this time of day.
2026-03-14 23:30:00+00:00,elevated_consumption,info,Elevated consumption at 2026-03-14 23:30:00+00:00: 482 W above normal for this time of day.
2026-03-15 06:00:00+00:00,elevated_consumption,info,Elevated consumption at 2026-03-15 06:00:00+00:00: 425 W above normal for this time of day.
2026-03-15 06:15:00+00:00,elevated_consumption,info,Elevated consumption at 2026-03-15 06:15:00+00:00: 499 W above normal for this time of day.
2026-03-15 06:30:00+00:00,elevated_consumption,info,Elevated consumption at 2026-03-15 06:30:00+00:00: 581 W above normal for this time of day.
2026-03-15 06:45:00+00:00,elevated_consumption,info,Elevated consumption at 2026-03-15 06:45:00+00:00: 655 W above normal for this time of day.
2026-03-15 08:00:00+00:00,elevated_consumption,info,Elevated consumption at 2026-03-15 08:00:00+00:00: 2662 W above normal for this time of day.
2026-03-15 08:15:00+00:00,elevated_consumption,info,Elevated consumption at 2026-03-15 08:15:00+00:00: 2870 W above normal for this time of day.
2026-03-15 15:00:00+00:00,elevated_consumption,info,Elevated consumption at 2026-03-15 15:00:00+00:00: 746 W above normal for this time of day.
2026-03-15 22:00:00+00:00,elevated_consumption,info,Elevated consumption at 2026-03-15 22:00:00+00:00: 1587 W above normal for this time of day.
2026-03-15 22:15:00+00:00,elevated_consumption,info,Elevated consumption at 2026-03-15 22:15:00+00:00: 1179 W above normal for this time of day.
2026-03-15 22:30:00+00:00,elevated_consumption,info,Elevated consumption at 2026-03-15 22:30:00+00:00: 1148 W above normal for this time of day.
2026-03-15 23:00:00+00:00,elevated_consumption,info,Elevated consumption at 2026-03-15 23:00:00+00:00: 808 W above normal for this time of day.
2026-03-15 23:15:00+00:00,elevated_consumption,info,Elevated consumption at 2026-03-15 23:15:00+00:00: 625 W above normal for this time of day.
2026-03-15 23:30:00+00:00,elevated_consumption,info,Elevated consumption at 2026-03-15 23:30:00+00:00: 520 W above normal for this time of day.
2026-03-16 06:00:00+00:00,elevated_consumption,info,Elevated consumption at 2026-03-16 06:00:00+00:00: 426 W above normal for this time of day.
2026-03-16 06:15:00+00:00,elevated_consumption,info,Elevated consumption at 2026-03-16 06:15:00+00:00: 463 W above normal for this time of day.
2026-03-16 06:30:00+00:00,elevated_consumption,info,Elevated consumption at 2026-03-16 06:30:00+00:00: 468 W above normal for this time of day.
2026-03-16 06:45:00+00:00,elevated_consumption,info,Elevated consumption at 2026-03-16 06:45:00+00:00: 605 W above normal for this time of day.
2026-03-16 08:00:00+00:00,elevated_consumption,info,Elevated consumption at 2026-03-16 08:00:00+00:00: 2538 W above normal for this time of day.
2026-03-16 08:15:00+00:00,elevated_consumption,info,Elevated consumption at 2026-03-16 08:15:00+00:00: 2636 W above normal for this time of day.
2026-03-16 22:00:00+00:00,elevated_consumption,info,Elevated consumption at 2026-03-16 22:00:00+00:00: 1266 W above normal for this time of day.
2026-03-16 22:15:00+00:00,elevated_consumption,info,Elevated consumption at 2026-03-16 22:15:00+00:00: 1139 W above normal for this time of day.
2026-03-16 23:00:00+00:00,elevated_consumption,info,Elevated consumption at 2026-03-16 23:00:00+00:00: 532 W above normal for this time of day.
2026-03-16 23:15:00+00:00,elevated_consumption,info,Elevated consumption at 2026-03-16 23:15:00+00:00: 479 W above normal for this time of day.
2026-03-17 06:00:00+00:00,elevated_consumption,info,Elevated consumption at 2026-03-17 06:00:00+00:00: 544 W above normal for this time of day.
2026-03-17 06:15:00+00:00,elevated_consumption,info,Elevated consumption at 2026-03-17 06:15:00+00:00: 532 W above normal for this time of day.
2026-03-17 06:30:00+00:00,elevated_consumption,info,Elevated consumption at 2026-03-17 06:30:00+00:00: 699 W above normal for this time of day.
2026-03-17 06:45:00+00:00,elevated_consumption,info,Elevated consumption at 2026-03-17 06:45:00+00:00: 878 W above normal for this time of day.
2026-03-17 08:00:00+00:00,elevated_consumption,info,Elevated consumption at 2026-03-17 08:00:00+00:00: 2705 W above normal for this time of day.
2026-03-17 08:15:00+00:00,elevated_consumption,info,Elevated consumption at 2026-03-17 08:15:00+00:00: 2492 W above normal for this time of day.
2026-03-17 22:00:00+00:00,elevated_consumption,info,Elevated consumption at 2026-03-17 22:00:00+00:00: 1182 W above normal for this time of day.
2026-03-17 23:00:00+00:00,elevated_consumption,info,Elevated consumption at 2026-03-17 23:00:00+00:00: 604 W above normal for this time of day.
2026-03-17 23:15:00+00:00,elevated_consumption,info,Elevated consumption at 2026-03-17 23:15:00+00:00: 533 W above normal for this time of day.
2026-03-17 23:30:00+00:00,elevated_consumption,info,Elevated consumption at 2026-03-17 23:30:00+00:00: 431 W above normal for this time of day.
2026-03-18 06:00:00+00:00,elevated_consumption,info,Elevated consumption at 2026-03-18 06:00:00+00:00: 676 W above normal for this time of day.
2026-03-18 06:15:00+00:00,elevated_consumption,info,Elevated consumption at 2026-03-18 06:15:00+00:00: 733 W above normal for this time of day.
2026-03-18 06:30:00+00:00,elevated_consumption,info,Elevated consumption at 2026-03-18 06:30:00+00:00: 783 W above normal for this time of day.
2026-03-18 06:45:00+00:00,elevated_consumption,info,Elevated consumption at 2026-03-18 06:45:00+00:00: 920 W above normal for this time of day.
2026-03-18 08:00:00+00:00,elevated_consumption,info,Elevated consumption at 2026-03-18 08:00:00+00:00: 2999 W above normal for this time of day.
2026-03-18 08:15:00+00:00,elevated_consumption,info,Elevated consumption at 2026-03-18 08:15:00+00:00: 2973 W above normal for this time of day.
2026-03-18 22:00:00+00:00,elevated_consumption,info,Elevated consumption at 2026-03-18 22:00:00+00:00: 1092 W above normal for this time of day.
2026-03-18 22:15:00+00:00,elevated_consumption,info,Elevated consumption at 2026-03-18 22:15:00+00:00: 1189 W above normal for this time of day.
2026-03-18 23:00:00+00:00,elevated_consumption,info,Elevated consumption at 2026-03-18 23:00:00+00:00: 626 W above normal for this time of day.
2026-03-18 23:15:00+00:00,elevated_consumption,info,Elevated consumption at 2026-03-18 23:15:00+00:00: 555 W above normal for this time of day.
2026-03-19 06:00:00+00:00,elevated_consumption,info,Elevated consumption at 2026-03-19 06:00:00+00:00: 562 W above normal for this time of day.
2026-03-19 06:15:00+00:00,elevated_consumption,info,Elevated consumption at 2026-03-19 06:15:00+00:00: 681 W above normal for this time of day.
2026-03-19 06:30:00+00:00,elevated_consumption,info,Elevated consumption at 2026-03-19 06:30:00+00:00: 876 W above normal for this time of day.
2026-03-19 06:45:00+00:00,elevated_consumption,info,Elevated consumption at 2026-03-19 06:45:00+00:00: 900 W above normal for this time of day.
2026-03-19 08:00:00+00:00,elevated_consumption,info,Elevated consumption at 2026-03-19 08:00:00+00:00: 2874 W above normal for this time of day.
2026-03-19 08:15:00+00:00,elevated_consumption,info,Elevated consumption at 2026-03-19 08:15:00+00:00: 2822 W above normal for this time of day.
2026-03-19 22:00:00+00:00,elevated_consumption,info,Elevated consumption at 2026-03-19 22:00:00+00:00: 1088 W above normal for this time of day.
2026-03-19 22:15:00+00:00,elevated_consumption,info,Elevated consumption at 2026-03-19 22:15:00+00:00: 1183 W above normal for this time of day.
2026-03-19 23:00:00+00:00,elevated_consumption,info,Elevated consumption at 2026-03-19 23:00:00+00:00: 724 W above normal for this time of day.
2026-03-19 23:15:00+00:00,elevated_consumption,info,Elevated consumption at 2026-03-19 23:15:00+00:00: 523 W above normal for this time of day.
2026-03-19 23:30:00+00:00,elevated_consumption,info,Elevated consumption at 2026-03-19 23:30:00+00:00: 487 W above normal for this time of day.
2026-03-20 06:00:00+00:00,elevated_consumption,info,Elevated consumption at 2026-03-20 06:00:00+00:00: 715 W above normal for this time of day.
2026-03-20 06:15:00+00:00,elevated_consumption,info,Elevated consumption at 2026-03-20 06:15:00+00:00: 835 W above normal for this time of day.
2026-03-20 06:30:00+00:00,elevated_consumption,info,Elevated consumption at 2026-03-20 06:30:00+00:00: 968 W above normal for this time of day.
2026-03-20 06:45:00+00:00,elevated_consumption,info,Elevated consumption at 2026-03-20 06:45:00+00:00: 1032 W above normal for this time of day.
2026-03-20 08:00:00+00:00,elevated_consumption,info,Elevated consumption at 2026-03-20 08:00:00+00:00: 3296 W above normal for this time of day.
2026-03-20 08:15:00+00:00,elevated_consumption,info,Elevated consumption at 2026-03-20 08:15:00+00:00: 3173 W above normal for this time of day.
2026-03-20 22:00:00+00:00,elevated_consumption,info,Elevated consumption at 2026-03-20 22:00:00+00:00: 1381 W above normal for this time of day.
2026-03-20 22:15:00+00:00,elevated_consumption,info,Elevated consumption at 2026-03-20 22:15:00+00:00: 1085 W above normal for this time of day.
2026-03-20 23:00:00+00:00,elevated_consumption,info,Elevated consumption at 2026-03-20 23:00:00+00:00: 556 W above normal for this time of day.
2026-03-20 23:15:00+00:00,elevated_consumption,info,Elevated consumption at 2026-03-20 23:15:00+00:00: 514 W above normal for this time of day.
2026-03-21 06:00:00+00:00,elevated_consumption,info,Elevated consumption at 2026-03-21 06:00:00+00:00: 578 W above normal for this time of day.
2026-03-21 06:15:00+00:00,elevated_consumption,info,Elevated consumption at 2026-03-21 06:15:00+00:00: 613 W above normal for this time of day.
2026-03-21 06:30:00+00:00,elevated_consumption,info,Elevated consumption at 2026-03-21 06:30:00+00:00: 850 W above normal for this time of day.
2026-03-21 06:45:00+00:00,elevated_consumption,info,Elevated consumption at 2026-03-21 06:45:00+00:00: 793 W above normal for this time of day.
2026-03-21 08:00:00+00:00,elevated_consumption,info,Elevated consumption at 2026-03-21 08:00:00+00:00: 2866 W above normal for this time of day.
2026-03-21 08:15:00+00:00,elevated_consumption,info,Elevated consumption at 2026-03-21 08:15:00+00:00: 2572 W above normal for this time of day.
2026-03-21 11:00:00+00:00,elevated_consumption,info,Elevated consumption at 2026-03-21 11:00:00+00:00: 1021 W above normal for this time of day.
2026-03-21 11:30:00+00:00,elevated_consumption,info,Elevated consumption at 2026-03-21 11:30:00+00:00: 582 W above normal for this time of day.
2026-03-21 11:45:00+00:00,elevated_consumption,info,Elevated consumption at 2026-03-21 11:45:00+00:00: 600 W above normal for this time of day.
2026-03-21 12:00:00+00:00,elevated_consumption,info,Elevated consumption at 2026-03-21 12:00:00+00:00: 628 W above normal for this time of day.
2026-03-21 12:15:00+00:00,elevated_consumption,info,Elevated consumption at 2026-03-21 12:15:00+00:00: 648 W above normal for this time of day.
2026-03-21 12:30:00+00:00,elevated_consumption,info,Elevated consumption at 2026-03-21 12:30:00+00:00: 561 W above normal for this time of day.
2026-03-21 12:45:00+00:00,elevated_consumption,info,Elevated consumption at 2026-03-21 12:45:00+00:00: 703 W above normal for this time of day.
2026-03-21 13:00:00+00:00,elevated_consumption,info,Elevated consumption at 2026-03-21 13:00:00+00:00: 669 W above normal for this time of day.
2026-03-21 13:15:00+00:00,elevated_consumption,info,Elevated consumption at 2026-03-21 13:15:00+00:00: 624 W above normal for this time of day.
2026-03-21 13:30:00+00:00,elevated_consumption,info,Elevated consumption at 2026-03-21 13:30:00+00:00: 632 W above normal for this time of day.
2026-03-21 13:45:00+00:00,elevated_consumption,info,Elevated consumption at 2026-03-21 13:45:00+00:00: 576 W above normal for this time of day.
2026-03-21 14:00:00+00:00,elevated_consumption,info,Elevated consumption at 2026-03-21 14:00:00+00:00: 587 W above normal for this time of day.
2026-03-21 14:15:00+00:00,elevated_consumption,info,Elevated consumption at 2026-03-21 14:15:00+00:00: 568 W above normal for this time of day.
2026-03-21 14:30:00+00:00,elevated_consumption,info,Elevated consumption at 2026-03-21 14:30:00+00:00: 527 W above normal for this time of day.
2026-03-21 14:45:00+00:00,elevated_consumption,info,Elevated consumption at 2026-03-21 14:45:00+00:00: 502 W above normal for this time of day.
2026-03-21 15:00:00+00:00,elevated_consumption,info,Elevated consumption at 2026-03-21 15:00:00+00:00: 515 W above normal for this time of day.
2026-03-21 15:15:00+00:00,elevated_consumption,info,Elevated consumption at 2026-03-21 15:15:00+00:00: 540 W above normal for this time of day.
2026-03-21 15:30:00+00:00,elevated_consumption,info,Elevated consumption at 2026-03-21 15:30:00+00:00: 547 W above normal for this time of day.
2026-03-21 15:45:00+00:00,elevated_consumption,info,Elevated consumption at 2026-03-21 15:45:00+00:00: 563 W above normal for this time of day.
2026-03-21 16:45:00+00:00,elevated_consumption,info,Elevated consumption at 2026-03-21 16:45:00+00:00: 717 W above normal for this time of day.
2026-03-21 17:00:00+00:00,elevated_consumption,info,Elevated consumption at 2026-03-21 17:00:00+00:00: 854 W above normal for this time of day.
2026-03-21 22:00:00+00:00,elevated_consumption,info,Elevated consumption at 2026-03-21 22:00:00+00:00: 1075 W above normal for this time of day.
2026-03-21 22:15:00+00:00,elevated_consumption,info,Elevated consumption at 2026-03-21 22:15:00+00:00: 1092 W above normal for this time of day.
2026-03-21 23:00:00+00:00,elevated_consumption,info,Elevated consumption at 2026-03-21 23:00:00+00:00: 868 W above normal for this time of day.
2026-03-21 23:15:00+00:00,elevated_consumption,info,Elevated consumption at 2026-03-21 23:15:00+00:00: 638 W above normal for this time of day.
2026-03-21 23:30:00+00:00,elevated_consumption,info,Elevated consumption at 2026-03-21 23:30:00+00:00: 602 W above normal for this time of day.
2026-03-21 23:45:00+00:00,elevated_consumption,info,Elevated consumption at 2026-03-21 23:45:00+00:00: 449 W above normal for this time of day.
2026-03-22 11:00:00+00:00,elevated_consumption,info,Elevated consumption at 2026-03-22 11:00:00+00:00: 1146 W above normal for this time of day.
2026-03-22 11:45:00+00:00,elevated_consumption,info,Elevated consumption at 2026-03-22 11:45:00+00:00: 982 W above normal for this time of day.
2026-03-22 12:00:00+00:00,elevated_consumption,info,Elevated consumption at 2026-03-22 12:00:00+00:00: 1125 W above normal for this time of day.
2026-03-22 12:15:00+00:00,elevated_consumption,info,Elevated consumption at 2026-03-22 12:15:00+00:00: 1009 W above normal for this time of day.
2026-03-22 12:30:00+00:00,elevated_consumption,info,Elevated consumption at 2026-03-22 12:30:00+00:00: 968 W above normal for this time of day.
2026-03-22 12:45:00+00:00,elevated_consumption,info,Elevated consumption at 2026-03-22 12:45:00+00:00: 890 W above normal for this time of day.
2026-03-22 13:15:00+00:00,elevated_consumption,info,Elevated consumption at 2026-03-22 13:15:00+00:00: 820 W above normal for this time of day.
2026-03-22 15:15:00+00:00,elevated_consumption,info,Elevated consumption at 2026-03-22 15:15:00+00:00: 941 W above normal for this time of day.
2026-03-28 10:30:00+00:00,elevated_consumption,info,Elevated consumption at 2026-03-28 10:30:00+00:00: 1015 W above normal for this time of day.
2026-03-28 10:45:00+00:00,elevated_consumption,info,Elevated consumption at 2026-03-28 10:45:00+00:00: 931 W above normal for this time of day.
2026-03-28 11:15:00+00:00,elevated_consumption,info,Elevated consumption at 2026-03-28 11:15:00+00:00: 974 W above normal for this time of day.
2026-03-28 11:45:00+00:00,elevated_consumption,info,Elevated consumption at 2026-03-28 11:45:00+00:00: 989 W above normal for this time of day.
2026-03-28 12:00:00+00:00,elevated_consumption,info,Elevated consumption at 2026-03-28 12:00:00+00:00: 919 W above normal for this time of day.
2026-03-28 12:15:00+00:00,elevated_consumption,info,Elevated consumption at 2026-03-28 12:15:00+00:00: 817 W above normal for this time of day.
2026-03-29 10:15:00+00:00,elevated_consumption,info,Elevated consumption at 2026-03-29 10:15:00+00:00: 1356 W above normal for this time of day.
2026-03-29 10:30:00+00:00,elevated_consumption,info,Elevated consumption at 2026-03-29 10:30:00+00:00: 1120 W above normal for this time of day.
2026-03-29 10:45:00+00:00,elevated_consumption,info,Elevated consumption at 2026-03-29 10:45:00+00:00: 896 W above normal for this time of day.
2026-03-29 11:00:00+00:00,elevated_consumption,info,Elevated consumption at 2026-03-29 11:00:00+00:00: 830 W above normal for this time of day.
2026-03-29 11:15:00+00:00,elevated_consumption,info,Elevated consumption at 2026-03-29 11:15:00+00:00: 859 W above normal for this time of day.
2026-03-29 11:30:00+00:00,elevated_consumption,info,Elevated consumption at 2026-03-29 11:30:00+00:00: 934 W above normal for this time of day.
2026-03-29 11:45:00+00:00,elevated_consumption,info,Elevated consumption at 2026-03-29 11:45:00+00:00: 894 W above normal for this time of day.
2026-03-29 12:00:00+00:00,elevated_consumption,info,Elevated consumption at 2026-03-29 12:00:00+00:00: 787 W above normal for this time of day.
2026-03-29 12:15:00+00:00,elevated_consumption,info,Elevated consumption at 2026-03-29 12:15:00+00:00: 865 W above normal for this time of day.
2026-03-29 12:30:00+00:00,elevated_consumption,info,Elevated consumption at 2026-03-29 12:30:00+00:00: 871 W above normal for this time of day.
2026-03-29 12:45:00+00:00,elevated_consumption,info,Elevated consumption at 2026-03-29 12:45:00+00:00: 825 W above normal for this time of day.
2026-03-29 13:00:00+00:00,elevated_consumption,info,Elevated consumption at 2026-03-29 13:00:00+00:00: 700 W above normal for this time of day.
2026-03-29 13:15:00+00:00,elevated_consumption,info,Elevated consumption at 2026-03-29 13:15:00+00:00: 764 W above normal for this time of day.
2026-03-29 13:30:00+00:00,elevated_consumption,info,Elevated consumption at 2026-03-29 13:30:00+00:00: 695 W above normal for this time of day.
2026-03-29 14:00:00+00:00,elevated_consumption,info,Elevated consumption at 2026-03-29 14:00:00+00:00: 634 W above normal for this time of day.
2026-03-29 14:15:00+00:00,elevated_consumption,info,Elevated consumption at 2026-03-29 14:15:00+00:00: 611 W above normal for this time of day.
2026-03-29 14:45:00+00:00,elevated_consumption,info,Elevated consumption at 2026-03-29 14:45:00+00:00: 644 W above normal for this time of day.
2026-03-29 15:00:00+00:00,elevated_consumption,info,Elevated consumption at 2026-03-29 15:00:00+00:00: 686 W above normal for this time of day.
2026-03-29 15:15:00+00:00,elevated_consumption,info,Elevated consumption at 2026-03-29 15:15:00+00:00: 785 W above normal for this time of day.
2026-03-29 15:45:00+00:00,elevated_consumption,info,Elevated consumption at 2026-03-29 15:45:00+00:00: 819 W above normal for this time of day.
2026-03-29 16:00:00+00:00,elevated_consumption,info,Elevated consumption at 2026-03-29 16:00:00+00:00: 849 W above normal for this time of day.
2026-04-02 03:30:00+00:00,night_anomaly,warning,Unusual consumption at 2026-04-02 03:30:00+00:00: 1158 W detected during nighttime hours.
2026-04-02 03:45:00+00:00,night_anomaly,warning,Unusual consumption at 2026-04-02 03:45:00+00:00: 1289 W detected during nighttime hours.
2026-04-02 04:00:00+00:00,night_anomaly,warning,Unusual consumption at 2026-04-02 04:00:00+00:00: 1307 W detected during nighttime hours.
2026-04-02 04:15:00+00:00,night_anomaly,warning,Unusual consumption at 2026-04-02 04:15:00+00:00: 1538 W detected during nighttime hours.
2026-04-04 11:00:00+00:00,elevated_consumption,info,Elevated consumption at 2026-04-04 11:00:00+00:00: 910 W above normal for this time of day.
2026-04-04 11:15:00+00:00,elevated_consumption,info,Elevated consumption at 2026-04-04 11:15:00+00:00: 1020 W above normal for this time of day.
2026-04-04 11:30:00+00:00,elevated_consumption,info,Elevated consumption at 2026-04-04 11:30:00+00:00: 914 W above normal for this time of day.
2026-04-04 11:45:00+00:00,elevated_consumption,info,Elevated consumption at 2026-04-04 11:45:00+00:00: 946 W above normal for this time of day.
2026-04-04 12:00:00+00:00,elevated_consumption,info,Elevated consumption at 2026-04-04 12:00:00+00:00: 764 W above normal for this time of day.
2026-04-04 12:15:00+00:00,elevated_consumption,info,Elevated consumption at 2026-04-04 12:15:00+00:00: 837 W above normal for this time of day.
2026-04-04 13:15:00+00:00,elevated_consumption,info,Elevated consumption at 2026-04-04 13:15:00+00:00: 752 W above normal for this time of day.
2026-04-05 09:30:00+00:00,elevated_consumption,info,Elevated consumption at 2026-04-05 09:30:00+00:00: 1470 W above normal for this time of day.
2026-04-05 09:45:00+00:00,elevated_consumption,info,Elevated consumption at 2026-04-05 09:45:00+00:00: 1537 W above normal for this time of day.
2026-04-05 10:00:00+00:00,elevated_consumption,info,Elevated consumption at 2026-04-05 10:00:00+00:00: 1527 W above normal for this time of day.
2026-04-05 10:15:00+00:00,elevated_consumption,info,Elevated consumption at 2026-04-05 10:15:00+00:00: 1476 W above normal for this time of day.
2026-04-05 10:30:00+00:00,elevated_consumption,info,Elevated consumption at 2026-04-05 10:30:00+00:00: 1085 W above normal for this time of day.
2026-04-05 10:45:00+00:00,elevated_consumption,info,Elevated consumption at 2026-04-05 10:45:00+00:00: 1009 W above normal for this time of day.
2026-04-05 11:00:00+00:00,elevated_consumption,info,Elevated consumption at 2026-04-05 11:00:00+00:00: 895 W above normal for this time of day.
2026-04-05 11:15:00+00:00,elevated_consumption,info,Elevated consumption at 2026-04-05 11:15:00+00:00: 872 W above normal for this time of day.
2026-04-05 11:30:00+00:00,elevated_consumption,info,Elevated consumption at 2026-04-05 11:30:00+00:00: 965 W above normal for this time of day.
2026-04-05 11:45:00+00:00,elevated_consumption,info,Elevated consumption at 2026-04-05 11:45:00+00:00: 869 W above normal for this time of day.
2026-04-05 12:00:00+00:00,elevated_consumption,info,Elevated consumption at 2026-04-05 12:00:00+00:00: 1011 W above normal for this time of day.
2026-04-05 12:15:00+00:00,elevated_consumption,info,Elevated consumption at 2026-04-05 12:15:00+00:00: 880 W above normal for this time of day.
2026-04-05 12:30:00+00:00,elevated_consumption,info,Elevated consumption at 2026-04-05 12:30:00+00:00: 800 W above normal for this time of day.
2026-04-05 12:45:00+00:00,elevated_consumption,info,Elevated consumption at 2026-04-05 12:45:00+00:00: 750 W above normal for this time of day.
2026-04-05 13:00:00+00:00,elevated_consumption,info,Elevated consumption at 2026-04-05 13:00:00+00:00: 894 W above normal for this time of day.
2026-04-05 13:15:00+00:00,elevated_consumption,info,Elevated consumption at 2026-04-05 13:15:00+00:00: 692 W above normal for this time of day.
2026-04-05 13:30:00+00:00,elevated_consumption,info,Elevated consumption at 2026-04-05 13:30:00+00:00: 774 W above normal for this time of day.
2026-04-05 13:45:00+00:00,elevated_consumption,info,Elevated consumption at 2026-04-05 13:45:00+00:00: 779 W above normal for this time of day.
2026-04-05 14:00:00+00:00,elevated_consumption,info,Elevated consumption at 2026-04-05 14:00:00+00:00: 635 W above normal for this time of day.
2026-04-05 14:15:00+00:00,elevated_consumption,info,Elevated consumption at 2026-04-05 14:15:00+00:00: 683 W above normal for this time of day.
2026-04-05 14:30:00+00:00,elevated_consumption,info,Elevated consumption at 2026-04-05 14:30:00+00:00: 720 W above normal for this time of day.
2026-04-05 14:45:00+00:00,elevated_consumption,info,Elevated consumption at 2026-04-05 14:45:00+00:00: 918 W above normal for this time of day.
2026-04-05 15:00:00+00:00,elevated_consumption,info,Elevated consumption at 2026-04-05 15:00:00+00:00: 807 W above normal for this time of day.
2026-04-05 15:30:00+00:00,elevated_consumption,info,Elevated consumption at 2026-04-05 15:30:00+00:00: 1055 W above normal for this time of day.
2026-04-05 15:45:00+00:00,elevated_consumption,info,Elevated consumption at 2026-04-05 15:45:00+00:00: 961 W above normal for this time of day.
2026-04-05 16:00:00+00:00,elevated_consumption,info,Elevated consumption at 2026-04-05 16:00:00+00:00: 852 W above normal for this time of day.
2026-04-11 11:45:00+00:00,elevated_consumption,info,Elevated consumption at 2026-04-11 11:45:00+00:00: 1075 W above normal for this time of day.
2026-04-11 12:00:00+00:00,elevated_consumption,info,Elevated consumption at 2026-04-11 12:00:00+00:00: 956 W above normal for this time of day.
2026-04-11 12:15:00+00:00,elevated_consumption,info,Elevated consumption at 2026-04-11 12:15:00+00:00: 982 W above normal for this time of day.
2026-04-11 12:30:00+00:00,elevated_consumption,info,Elevated consumption at 2026-04-11 12:30:00+00:00: 820 W above normal for this time of day.
2026-04-11 12:45:00+00:00,elevated_consumption,info,Elevated consumption at 2026-04-11 12:45:00+00:00: 1080 W above normal for this time of day.
2026-04-11 13:00:00+00:00,elevated_consumption,info,Elevated consumption at 2026-04-11 13:00:00+00:00: 917 W above normal for this time of day.
2026-04-11 13:15:00+00:00,elevated_consumption,info,Elevated consumption at 2026-04-11 13:15:00+00:00: 882 W above normal for this time of day.
2026-04-11 13:30:00+00:00,elevated_consumption,info,Elevated consumption at 2026-04-11 13:30:00+00:00: 885 W above normal for this time of day.
2026-04-11 14:00:00+00:00,elevated_consumption,info,Elevated consumption at 2026-04-11 14:00:00+00:00: 894 W above normal for this time of day.
2026-04-11 14:15:00+00:00,elevated_consumption,info,Elevated consumption at 2026-04-11 14:15:00+00:00: 838 W above normal for this time of day.
2026-04-11 14:30:00+00:00,elevated_consumption,info,Elevated consumption at 2026-04-11 14:30:00+00:00: 936 W above normal for this time of day.
2026-04-11 14:45:00+00:00,elevated_consumption,info,Elevated consumption at 2026-04-11 14:45:00+00:00: 881 W above normal for this time of day.
2026-04-12 10:45:00+00:00,elevated_consumption,info,Elevated consumption at 2026-04-12 10:45:00+00:00: 986 W above normal for this time of day.
2026-04-12 11:00:00+00:00,elevated_consumption,info,Elevated consumption at 2026-04-12 11:00:00+00:00: 857 W above normal for this time of day.
2026-04-12 11:15:00+00:00,elevated_consumption,info,Elevated consumption at 2026-04-12 11:15:00+00:00: 855 W above normal for this time of day.
2026-04-12 11:30:00+00:00,elevated_consumption,info,Elevated consumption at 2026-04-12 11:30:00+00:00: 925 W above normal for this time of day.
2026-04-12 11:45:00+00:00,elevated_consumption,info,Elevated consumption at 2026-04-12 11:45:00+00:00: 811 W above normal for this time of day.
2026-04-12 12:00:00+00:00,elevated_consumption,info,Elevated consumption at 2026-04-12 12:00:00+00:00: 965 W above normal for this time of day.
2026-04-12 12:15:00+00:00,elevated_consumption,info,Elevated consumption at 2026-04-12 12:15:00+00:00: 949 W above normal for this time of day.
2026-04-12 12:30:00+00:00,elevated_consumption,info,Elevated consumption at 2026-04-12 12:30:00+00:00: 964 W above normal for this time of day.
2026-04-12 14:00:00+00:00,elevated_consumption,info,Elevated consumption at 2026-04-12 14:00:00+00:00: 708 W above normal for this time of day.
2026-04-12 15:00:00+00:00,elevated_consumption,info,Elevated consumption at 2026-04-12 15:00:00+00:00: 800 W above normal for this time of day.
2026-04-12 15:15:00+00:00,elevated_consumption,info,Elevated consumption at 2026-04-12 15:15:00+00:00: 930 W above normal for this time of day.
2026-04-12 15:30:00+00:00,elevated_consumption,info,Elevated consumption at 2026-04-12 15:30:00+00:00: 888 W above normal for this time of day.
2026-04-12 15:45:00+00:00,elevated_consumption,info,Elevated consumption at 2026-04-12 15:45:00+00:00: 1003 W above normal for this time of day.
2026-04-12 16:00:00+00:00,elevated_consumption,info,Elevated consumption at 2026-04-12 16:00:00+00:00: 1200 W above normal for this time of day.
2026-04-17 19:45:00+00:00,elevated_consumption,info,Elevated consumption at 2026-04-17 19:45:00+00:00: 4205 W above normal for this time of day.
2026-04-17 20:00:00+00:00,high_consumption,critical,Very high consumption at 2026-04-17 20:00:00+00:00: 5761 W exceeds expected range significantly.
2026-04-17 20:15:00+00:00,high_consumption,critical,Very high consumption at 2026-04-17 20:15:00+00:00: 5102 W exceeds expected range significantly.
2026-04-17 20:30:00+00:00,high_consumption,critical,Very high consumption at 2026-04-17 20:30:00+00:00: 5405 W exceeds expected range significantly.
2026-04-17 20:45:00+00:00,elevated_consumption,info,Elevated consumption at 2026-04-17 20:45:00+00:00: 4701 W above normal for this time of day.
2026-04-17 21:00:00+00:00,elevated_consumption,info,Elevated consumption at 2026-04-17 21:00:00+00:00: 3445 W above normal for this time of day.
2026-04-17 21:15:00+00:00,elevated_consumption,info,Elevated consumption at 2026-04-17 21:15:00+00:00: 3479 W above normal for this time of day.
2026-04-17 21:30:00+00:00,elevated_consumption,info,Elevated consumption at 2026-04-17 21:30:00+00:00: 3576 W above normal for this time of day.
2026-04-18 10:30:00+00:00,elevated_consumption,info,Elevated consumption at 2026-04-18 10:30:00+00:00: 1210 W above normal for this time of day.
2026-04-18 11:15:00+00:00,elevated_consumption,info,Elevated consumption at 2026-04-18 11:15:00+00:00: 1076 W above normal for this time of day.
2026-04-18 11:30:00+00:00,elevated_consumption,info,Elevated consumption at 2026-04-18 11:30:00+00:00: 1005 W above normal for this time of day.
2026-04-18 11:45:00+00:00,elevated_consumption,info,Elevated consumption at 2026-04-18 11:45:00+00:00: 1080 W above normal for this time of day.
2026-04-18 12:00:00+00:00,elevated_consumption,info,Elevated consumption at 2026-04-18 12:00:00+00:00: 1080 W above normal for this time of day.
2026-04-18 12:30:00+00:00,elevated_consumption,info,Elevated consumption at 2026-04-18 12:30:00+00:00: 979 W above normal for this time of day.
2026-04-18 12:45:00+00:00,elevated_consumption,info,Elevated consumption at 2026-04-18 12:45:00+00:00: 905 W above normal for this time of day.
2026-04-18 13:00:00+00:00,elevated_consumption,info,Elevated consumption at 2026-04-18 13:00:00+00:00: 788 W above normal for this time of day.
2026-04-18 13:15:00+00:00,elevated_consumption,info,Elevated consumption at 2026-04-18 13:15:00+00:00: 886 W above normal for this time of day.
2026-04-18 14:00:00+00:00,elevated_consumption,info,Elevated consumption at 2026-04-18 14:00:00+00:00: 688 W above normal for this time of day.
2026-04-19 09:30:00+00:00,elevated_consumption,info,Elevated consumption at 2026-04-19 09:30:00+00:00: 1412 W above normal for this time of day.
2026-04-19 09:45:00+00:00,elevated_consumption,info,Elevated consumption at 2026-04-19 09:45:00+00:00: 1315 W above normal for this time of day.
2026-04-19 10:00:00+00:00,elevated_consumption,info,Elevated consumption at 2026-04-19 10:00:00+00:00: 1558 W above normal for this time of day.
2026-04-19 10:15:00+00:00,elevated_consumption,info,Elevated consumption at 2026-04-19 10:15:00+00:00: 1643 W above normal for this time of day.
2026-04-19 10:30:00+00:00,elevated_consumption,info,Elevated consumption at 2026-04-19 10:30:00+00:00: 1048 W above normal for this time of day.
2026-04-19 10:45:00+00:00,elevated_consumption,info,Elevated consumption at 2026-04-19 10:45:00+00:00: 875 W above normal for this time of day.
2026-04-19 11:00:00+00:00,elevated_consumption,info,Elevated consumption at 2026-04-19 11:00:00+00:00: 901 W above normal for this time of day.
2026-04-19 11:15:00+00:00,elevated_consumption,info,Elevated consumption at 2026-04-19 11:15:00+00:00: 968 W above normal for this time of day.
2026-04-19 11:30:00+00:00,elevated_consumption,info,Elevated consumption at 2026-04-19 11:30:00+00:00: 1089 W above normal for this time of day.
2026-04-19 11:45:00+00:00,elevated_consumption,info,Elevated consumption at 2026-04-19 11:45:00+00:00: 930 W above normal for this time of day.
2026-04-19 12:00:00+00:00,elevated_consumption,info,Elevated consumption at 2026-04-19 12:00:00+00:00: 932 W above normal for this time of day.
2026-04-19 12:15:00+00:00,elevated_consumption,info,Elevated consumption at 2026-04-19 12:15:00+00:00: 845 W above normal for this time of day.
2026-04-19 12:30:00+00:00,elevated_consumption,info,Elevated consumption at 2026-04-19 12:30:00+00:00: 829 W above normal for this time of day.
2026-04-19 12:45:00+00:00,elevated_consumption,info,Elevated consumption at 2026-04-19 12:45:00+00:00: 781 W above normal for this time of day.
2026-04-19 13:00:00+00:00,elevated_consumption,info,Elevated consumption at 2026-04-19 13:00:00+00:00: 924 W above normal for this time of day.
2026-04-19 13:15:00+00:00,elevated_consumption,info,Elevated consumption at 2026-04-19 13:15:00+00:00: 820 W above normal for this time of day.
2026-04-19 13:30:00+00:00,elevated_consumption,info,Elevated consumption at 2026-04-19 13:30:00+00:00: 822 W above normal for this time of day.
2026-04-19 13:45:00+00:00,elevated_consumption,info,Elevated consumption at 2026-04-19 13:45:00+00:00: 677 W above normal for this time of day.
2026-04-19 14:00:00+00:00,elevated_consumption,info,Elevated consumption at 2026-04-19 14:00:00+00:00: 710 W above normal for this time of day.
2026-04-19 14:30:00+00:00,elevated_consumption,info,Elevated consumption at 2026-04-19 14:30:00+00:00: 819 W above normal for this time of day.
2026-04-19 15:00:00+00:00,elevated_consumption,info,Elevated consumption at 2026-04-19 15:00:00+00:00: 740 W above normal for this time of day.
2026-04-19 15:15:00+00:00,elevated_consumption,info,Elevated consumption at 2026-04-19 15:15:00+00:00: 964 W above normal for this time of day.
2026-04-19 15:30:00+00:00,elevated_consumption,info,Elevated consumption at 2026-04-19 15:30:00+00:00: 903 W above normal for this time of day.
2026-04-19 15:45:00+00:00,elevated_consumption,info,Elevated consumption at 2026-04-19 15:45:00+00:00: 1105 W above normal for this time of day.
2026-04-21 17:00:00+00:00,elevated_consumption,info,Elevated consumption at 2026-04-21 17:00:00+00:00: 4063 W above normal for this time of day.
2026-04-21 17:15:00+00:00,elevated_consumption,info,Elevated consumption at 2026-04-21 17:15:00+00:00: 4230 W above normal for this time of day.
2026-04-21 17:30:00+00:00,elevated_consumption,info,Elevated consumption at 2026-04-21 17:30:00+00:00: 4397 W above normal for this time of day.
2026-04-21 17:45:00+00:00,elevated_consumption,info,Elevated consumption at 2026-04-21 17:45:00+00:00: 4538 W above normal for this time of day.
2026-04-21 18:00:00+00:00,high_consumption,critical,Very high consumption at 2026-04-21 18:00:00+00:00: 5011 W exceeds expected range significantly.
2026-04-21 18:15:00+00:00,elevated_consumption,info,Elevated consumption at 2026-04-21 18:15:00+00:00: 4756 W above normal for this time of day.
2026-04-21 18:30:00+00:00,elevated_consumption,info,Elevated consumption at 2026-04-21 18:30:00+00:00: 4602 W above normal for this time of day.
2026-04-21 18:45:00+00:00,high_consumption,critical,Very high consumption at 2026-04-21 18:45:00+00:00: 5792 W exceeds expected range significantly.
2026-04-24 02:00:00+00:00,night_anomaly,warning,Unusual consumption at 2026-04-24 02:00:00+00:00: 853 W detected during nighttime hours.
2026-04-24 02:15:00+00:00,night_anomaly,warning,Unusual consumption at 2026-04-24 02:15:00+00:00: 924 W detected during nighttime hours.
2026-04-24 02:30:00+00:00,night_anomaly,warning,Unusual consumption at 2026-04-24 02:30:00+00:00: 871 W detected during nighttime hours.
2026-04-24 02:45:00+00:00,night_anomaly,warning,Unusual consumption at 2026-04-24 02:45:00+00:00: 879 W detected during nighttime hours.
2026-04-24 03:00:00+00:00,night_anomaly,warning,Unusual consumption at 2026-04-24 03:00:00+00:00: 858 W detected during nighttime hours.
2026-04-24 03:15:00+00:00,night_anomaly,warning,Unusual consumption at 2026-04-24 03:15:00+00:00: 962 W detected during nighttime hours.
2026-04-24 03:30:00+00:00,night_anomaly,warning,Unusual consumption at 2026-04-24 03:30:00+00:00: 1082 W detected during nighttime hours.
2026-04-24 03:45:00+00:00,night_anomaly,warning,Unusual consumption at 2026-04-24 03:45:00+00:00: 1124 W detected during nighttime hours.
2026-04-25 08:45:00+00:00,elevated_consumption,info,Elevated consumption at 2026-04-25 08:45:00+00:00: 1080 W above normal for this time of day.
2026-04-25 09:15:00+00:00,elevated_consumption,info,Elevated consumption at 2026-04-25 09:15:00+00:00: 1698 W above normal for this time of day.
2026-04-25 09:30:00+00:00,elevated_consumption,info,Elevated consumption at 2026-04-25 09:30:00+00:00: 1575 W above normal for this time of day.
2026-04-25 09:45:00+00:00,elevated_consumption,info,Elevated consumption at 2026-04-25 09:45:00+00:00: 1743 W above normal for this time of day.
2026-04-25 10:00:00+00:00,elevated_consumption,info,Elevated consumption at 2026-04-25 10:00:00+00:00: 1420 W above normal for this time of day.
2026-04-25 10:15:00+00:00,elevated_consumption,info,Elevated consumption at 2026-04-25 10:15:00+00:00: 1584 W above normal for this time of day.
2026-04-25 10:30:00+00:00,elevated_consumption,info,Elevated consumption at 2026-04-25 10:30:00+00:00: 1194 W above normal for this time of day.
2026-04-25 10:45:00+00:00,elevated_consumption,info,Elevated consumption at 2026-04-25 10:45:00+00:00: 1094 W above normal for this time of day.
2026-04-25 11:00:00+00:00,elevated_consumption,info,Elevated consumption at 2026-04-25 11:00:00+00:00: 1176 W above normal for this time of day.
2026-04-25 11:15:00+00:00,elevated_consumption,info,Elevated consumption at 2026-04-25 11:15:00+00:00: 1064 W above normal for this time of day.
2026-04-25 11:30:00+00:00,elevated_consumption,info,Elevated consumption at 2026-04-25 11:30:00+00:00: 1163 W above normal for this time of day.
2026-04-25 11:45:00+00:00,elevated_consumption,info,Elevated consumption at 2026-04-25 11:45:00+00:00: 1087 W above normal for this time of day.
2026-04-25 12:00:00+00:00,elevated_consumption,info,Elevated consumption at 2026-04-25 12:00:00+00:00: 943 W above normal for this time of day.
2026-04-25 12:15:00+00:00,elevated_consumption,info,Elevated consumption at 2026-04-25 12:15:00+00:00: 1021 W above normal for this time of day.
2026-04-25 12:30:00+00:00,elevated_consumption,info,Elevated consumption at 2026-04-25 12:30:00+00:00: 787 W above normal for this time of day.
2026-04-25 12:45:00+00:00,elevated_consumption,info,Elevated consumption at 2026-04-25 12:45:00+00:00: 860 W above normal for this time of day.
2026-04-25 13:00:00+00:00,elevated_consumption,info,Elevated consumption at 2026-04-25 13:00:00+00:00: 938 W above normal for this time of day.
2026-04-26 10:30:00+00:00,elevated_consumption,info,Elevated consumption at 2026-04-26 10:30:00+00:00: 962 W above normal for this time of day.
2026-04-26 10:45:00+00:00,elevated_consumption,info,Elevated consumption at 2026-04-26 10:45:00+00:00: 760 W above normal for this time of day.
2026-04-26 11:00:00+00:00,elevated_consumption,info,Elevated consumption at 2026-04-26 11:00:00+00:00: 853 W above normal for this time of day.
2026-04-26 11:15:00+00:00,elevated_consumption,info,Elevated consumption at 2026-04-26 11:15:00+00:00: 864 W above normal for this time of day.
2026-04-26 11:30:00+00:00,elevated_consumption,info,Elevated consumption at 2026-04-26 11:30:00+00:00: 777 W above normal for this time of day.
2026-04-26 11:45:00+00:00,elevated_consumption,info,Elevated consumption at 2026-04-26 11:45:00+00:00: 834 W above normal for this time of day.
2026-04-26 12:00:00+00:00,elevated_consumption,info,Elevated consumption at 2026-04-26 12:00:00+00:00: 828 W above normal for this time of day.
2026-04-26 12:15:00+00:00,elevated_consumption,info,Elevated consumption at 2026-04-26 12:15:00+00:00: 863 W above normal for this time of day.
2026-04-26 12:30:00+00:00,elevated_consumption,info,Elevated consumption at 2026-04-26 12:30:00+00:00: 723 W above normal for this time of day.
2026-04-26 13:15:00+00:00,pv_production_drop,warning,PV production drop at 2026-04-26 13:15:00+00:00: 99 W despite irradiance of 550 W/m².
2026-04-26 13:30:00+00:00,pv_production_drop,warning,PV production drop at 2026-04-26 13:30:00+00:00: 101 W despite irradiance of 574 W/m².
2026-04-26 13:45:00+00:00,pv_production_drop,warning,PV production drop at 2026-04-26 13:45:00+00:00: 92 W despite irradiance of 495 W/m².
2026-04-26 14:00:00+00:00,pv_production_drop,warning,PV production drop at 2026-04-26 14:00:00+00:00: 85 W despite irradiance of 473 W/m².
2026-04-26 14:15:00+00:00,pv_production_drop,warning,PV production drop at 2026-04-26 14:15:00+00:00: 82 W despite irradiance of 449 W/m².
2026-04-26 14:30:00+00:00,pv_production_drop,warning,PV production drop at 2026-04-26 14:30:00+00:00: 65 W despite irradiance of 359 W/m².
2026-04-26 15:30:00+00:00,elevated_consumption,info,Elevated consumption at 2026-04-26 15:30:00+00:00: 785 W above normal for this time of day.
2026-04-26 15:45:00+00:00,elevated_consumption,info,Elevated consumption at 2026-04-26 15:45:00+00:00: 995 W above normal for this time of day.
2026-04-26 16:00:00+00:00,elevated_consumption,info,Elevated consumption at 2026-04-26 16:00:00+00:00: 1151 W above normal for this time of day.
2026-04-27 09:30:00+00:00,elevated_consumption,info,Elevated consumption at 2026-04-27 09:30:00+00:00: 937 W above normal for this time of day.
2026-04-27 10:00:00+00:00,elevated_consumption,info,Elevated consumption at 2026-04-27 10:00:00+00:00: 972 W above normal for this time of day.
2026-04-27 10:30:00+00:00,elevated_consumption,info,Elevated consumption at 2026-04-27 10:30:00+00:00: 604 W above normal for this time of day.
2026-04-27 10:45:00+00:00,elevated_consumption,info,Elevated consumption at 2026-04-27 10:45:00+00:00: 637 W above normal for this time of day.
2026-04-27 11:00:00+00:00,elevated_consumption,info,Elevated consumption at 2026-04-27 11:00:00+00:00: 554 W above normal for this time of day.
2026-04-27 11:15:00+00:00,elevated_consumption,info,Elevated consumption at 2026-04-27 11:15:00+00:00: 518 W above normal for this time of day.
2026-04-27 11:30:00+00:00,elevated_consumption,info,Elevated consumption at 2026-04-27 11:30:00+00:00: 551 W above normal for this time of day.
2026-04-27 11:45:00+00:00,elevated_consumption,info,Elevated consumption at 2026-04-27 11:45:00+00:00: 626 W above normal for this time of day.
2026-04-27 12:15:00+00:00,elevated_consumption,info,Elevated consumption at 2026-04-27 12:15:00+00:00: 480 W above normal for this time of day.
2026-05-02 11:00:00+00:00,elevated_consumption,info,Elevated consumption at 2026-05-02 11:00:00+00:00: 2138 W above normal for this time of day.
2026-05-02 15:45:00+00:00,elevated_consumption,info,Elevated consumption at 2026-05-02 15:45:00+00:00: 2514 W above normal for this time of day.
2026-05-02 20:00:00+00:00,elevated_consumption,info,Elevated consumption at 2026-05-02 20:00:00+00:00: 3169 W above normal for this time of day.
2026-05-03 11:00:00+00:00,elevated_consumption,info,Elevated consumption at 2026-05-03 11:00:00+00:00: 2311 W above normal for this time of day.
2026-05-03 11:15:00+00:00,elevated_consumption,info,Elevated consumption at 2026-05-03 11:15:00+00:00: 2323 W above normal for this time of day.
2026-05-03 11:30:00+00:00,elevated_consumption,info,Elevated consumption at 2026-05-03 11:30:00+00:00: 2251 W above normal for this time of day.
2026-05-03 11:45:00+00:00,elevated_consumption,info,Elevated consumption at 2026-05-03 11:45:00+00:00: 2236 W above normal for this time of day.
2026-05-03 12:30:00+00:00,elevated_consumption,info,Elevated consumption at 2026-05-03 12:30:00+00:00: 2214 W above normal for this time of day.
2026-05-03 14:45:00+00:00,elevated_consumption,info,Elevated consumption at 2026-05-03 14:45:00+00:00: 770 W above normal for this time of day.
2026-05-03 15:00:00+00:00,elevated_consumption,info,Elevated consumption at 2026-05-03 15:00:00+00:00: 962 W above normal for this time of day.
2026-05-03 15:15:00+00:00,elevated_consumption,info,Elevated consumption at 2026-05-03 15:15:00+00:00: 2228 W above normal for this time of day.
2026-05-03 15:30:00+00:00,elevated_consumption,info,Elevated consumption at 2026-05-03 15:30:00+00:00: 2148 W above normal for this time of day.
2026-05-03 15:45:00+00:00,elevated_consumption,info,Elevated consumption at 2026-05-03 15:45:00+00:00: 1115 W above normal for this time of day.
2026-05-03 16:00:00+00:00,elevated_consumption,info,Elevated consumption at 2026-05-03 16:00:00+00:00: 983 W above normal for this time of day.
2026-05-03 16:15:00+00:00,elevated_consumption,info,Elevated consumption at 2026-05-03 16:15:00+00:00: 2621 W above normal for this time of day.
2026-05-03 20:00:00+00:00,elevated_consumption,info,Elevated consumption at 2026-05-03 20:00:00+00:00: 3057 W above normal for this time of day.
2026-05-09 09:30:00+00:00,elevated_consumption,info,Elevated consumption at 2026-05-09 09:30:00+00:00: 1754 W above normal for this time of day.
2026-05-09 09:45:00+00:00,elevated_consumption,info,Elevated consumption at 2026-05-09 09:45:00+00:00: 1538 W above normal for this time of day.
2026-05-09 10:15:00+00:00,elevated_consumption,info,Elevated consumption at 2026-05-09 10:15:00+00:00: 1657 W above normal for this time of day.
2026-05-09 10:30:00+00:00,elevated_consumption,info,Elevated consumption at 2026-05-09 10:30:00+00:00: 1116 W above normal for this time of day.
2026-05-09 10:45:00+00:00,elevated_consumption,info,Elevated consumption at 2026-05-09 10:45:00+00:00: 1038 W above normal for this time of day.
2026-05-09 11:00:00+00:00,elevated_consumption,info,Elevated consumption at 2026-05-09 11:00:00+00:00: 1067 W above normal for this time of day.
2026-05-09 11:15:00+00:00,elevated_consumption,info,Elevated consumption at 2026-05-09 11:15:00+00:00: 2261 W above normal for this time of day.
2026-05-09 11:30:00+00:00,elevated_consumption,info,Elevated consumption at 2026-05-09 11:30:00+00:00: 2319 W above normal for this time of day.
2026-05-09 11:45:00+00:00,elevated_consumption,info,Elevated consumption at 2026-05-09 11:45:00+00:00: 2402 W above normal for this time of day.
2026-05-09 12:00:00+00:00,elevated_consumption,info,Elevated consumption at 2026-05-09 12:00:00+00:00: 2199 W above normal for this time of day.
2026-05-09 12:15:00+00:00,elevated_consumption,info,Elevated consumption at 2026-05-09 12:15:00+00:00: 2298 W above normal for this time of day.
2026-05-10 10:45:00+00:00,elevated_consumption,info,Elevated consumption at 2026-05-10 10:45:00+00:00: 1116 W above normal for this time of day.
2026-05-10 11:00:00+00:00,elevated_consumption,info,Elevated consumption at 2026-05-10 11:00:00+00:00: 2262 W above normal for this time of day.
2026-05-10 11:15:00+00:00,elevated_consumption,info,Elevated consumption at 2026-05-10 11:15:00+00:00: 2391 W above normal for this time of day.
2026-05-10 11:30:00+00:00,elevated_consumption,info,Elevated consumption at 2026-05-10 11:30:00+00:00: 1004 W above normal for this time of day.
2026-05-10 11:45:00+00:00,elevated_consumption,info,Elevated consumption at 2026-05-10 11:45:00+00:00: 955 W above normal for this time of day.
2026-05-10 12:00:00+00:00,elevated_consumption,info,Elevated consumption at 2026-05-10 12:00:00+00:00: 2403 W above normal for this time of day.
2026-05-10 12:30:00+00:00,elevated_consumption,info,Elevated consumption at 2026-05-10 12:30:00+00:00: 2146 W above normal for this time of day.
2026-05-10 13:00:00+00:00,elevated_consumption,info,Elevated consumption at 2026-05-10 13:00:00+00:00: 2148 W above normal for this time of day.
2026-05-10 13:15:00+00:00,elevated_consumption,info,Elevated consumption at 2026-05-10 13:15:00+00:00: 2142 W above normal for this time of day.
2026-05-10 13:30:00+00:00,elevated_consumption,info,Elevated consumption at 2026-05-10 13:30:00+00:00: 2126 W above normal for this time of day.
2026-05-10 13:45:00+00:00,elevated_consumption,info,Elevated consumption at 2026-05-10 13:45:00+00:00: 2010 W above normal for this time of day.
2026-05-10 14:15:00+00:00,elevated_consumption,info,Elevated consumption at 2026-05-10 14:15:00+00:00: 815 W above normal for this time of day.
2026-05-10 15:00:00+00:00,elevated_consumption,info,Elevated consumption at 2026-05-10 15:00:00+00:00: 2036 W above normal for this time of day.
2026-05-10 15:15:00+00:00,elevated_consumption,info,Elevated consumption at 2026-05-10 15:15:00+00:00: 2287 W above normal for this time of day.
2026-05-10 15:30:00+00:00,elevated_consumption,info,Elevated consumption at 2026-05-10 15:30:00+00:00: 2341 W above normal for this time of day.
2026-05-10 16:15:00+00:00,elevated_consumption,info,Elevated consumption at 2026-05-10 16:15:00+00:00: 2720 W above normal for this time of day.
2026-05-10 20:00:00+00:00,elevated_consumption,info,Elevated consumption at 2026-05-10 20:00:00+00:00: 3048 W above normal for this time of day.
2026-05-11 11:00:00+00:00,elevated_consumption,info,Elevated consumption at 2026-05-11 11:00:00+00:00: 1960 W above normal for this time of day.
2026-05-14 20:00:00+00:00,elevated_consumption,info,Elevated consumption at 2026-05-14 20:00:00+00:00: 3392 W above normal for this time of day.
2026-05-16 09:30:00+00:00,elevated_consumption,info,Elevated consumption at 2026-05-16 09:30:00+00:00: 1717 W above normal for this time of day.
2026-05-16 09:45:00+00:00,elevated_consumption,info,Elevated consumption at 2026-05-16 09:45:00+00:00: 1715 W above normal for this time of day.
2026-05-16 10:00:00+00:00,elevated_consumption,info,Elevated consumption at 2026-05-16 10:00:00+00:00: 1775 W above normal for this time of day.
2026-05-16 10:15:00+00:00,elevated_consumption,info,Elevated consumption at 2026-05-16 10:15:00+00:00: 1724 W above normal for this time of day.
2026-05-16 10:30:00+00:00,elevated_consumption,info,Elevated consumption at 2026-05-16 10:30:00+00:00: 1112 W above normal for this time of day.
2026-05-16 10:45:00+00:00,elevated_consumption,info,Elevated consumption at 2026-05-16 10:45:00+00:00: 1199 W above normal for this time of day.
2026-05-16 11:00:00+00:00,elevated_consumption,info,Elevated consumption at 2026-05-16 11:00:00+00:00: 2259 W above normal for this time of day.
2026-05-16 11:15:00+00:00,elevated_consumption,info,Elevated consumption at 2026-05-16 11:15:00+00:00: 993 W above normal for this time of day.
2026-05-16 11:30:00+00:00,elevated_consumption,info,Elevated consumption at 2026-05-16 11:30:00+00:00: 2182 W above normal for this time of day.
2026-05-16 11:45:00+00:00,elevated_consumption,info,Elevated consumption at 2026-05-16 11:45:00+00:00: 2055 W above normal for this time of day.
2026-05-16 12:00:00+00:00,elevated_consumption,info,Elevated consumption at 2026-05-16 12:00:00+00:00: 2323 W above normal for this time of day.
2026-05-16 12:15:00+00:00,elevated_consumption,info,Elevated consumption at 2026-05-16 12:15:00+00:00: 2127 W above normal for this time of day.
2026-05-16 12:30:00+00:00,elevated_consumption,info,Elevated consumption at 2026-05-16 12:30:00+00:00: 2176 W above normal for this time of day.
2026-05-16 12:45:00+00:00,elevated_consumption,info,Elevated consumption at 2026-05-16 12:45:00+00:00: 2290 W above normal for this time of day.
2026-05-16 13:00:00+00:00,elevated_consumption,info,Elevated consumption at 2026-05-16 13:00:00+00:00: 1011 W above normal for this time of day.
2026-05-16 13:15:00+00:00,elevated_consumption,info,Elevated consumption at 2026-05-16 13:15:00+00:00: 2123 W above normal for this time of day.
2026-05-16 13:30:00+00:00,elevated_consumption,info,Elevated consumption at 2026-05-16 13:30:00+00:00: 2165 W above normal for this time of day.
2026-05-16 14:45:00+00:00,elevated_consumption,info,Elevated consumption at 2026-05-16 14:45:00+00:00: 2381 W above normal for this time of day.
2026-05-16 15:00:00+00:00,elevated_consumption,info,Elevated consumption at 2026-05-16 15:00:00+00:00: 2199 W above normal for this time of day.
2026-05-16 16:00:00+00:00,elevated_consumption,info,Elevated consumption at 2026-05-16 16:00:00+00:00: 2506 W above normal for this time of day.
2026-05-17 06:45:00+00:00,elevated_consumption,info,Elevated consumption at 2026-05-17 06:45:00+00:00: 3743 W above normal for this time of day.
2026-05-17 10:00:00+00:00,elevated_consumption,info,Elevated consumption at 2026-05-17 10:00:00+00:00: 1852 W above normal for this time of day.
2026-05-17 10:45:00+00:00,elevated_consumption,info,Elevated consumption at 2026-05-17 10:45:00+00:00: 1100 W above normal for this time of day.
2026-05-17 11:00:00+00:00,elevated_consumption,info,Elevated consumption at 2026-05-17 11:00:00+00:00: 2537 W above normal for this time of day.
2026-05-17 11:15:00+00:00,elevated_consumption,info,Elevated consumption at 2026-05-17 11:15:00+00:00: 1040 W above normal for this time of day.
2026-05-17 11:30:00+00:00,elevated_consumption,info,Elevated consumption at 2026-05-17 11:30:00+00:00: 2308 W above normal for this time of day.
2026-05-17 11:45:00+00:00,elevated_consumption,info,Elevated consumption at 2026-05-17 11:45:00+00:00: 2288 W above normal for this time of day.
2026-05-17 12:00:00+00:00,elevated_consumption,info,Elevated consumption at 2026-05-17 12:00:00+00:00: 1002 W above normal for this time of day.
2026-05-17 12:15:00+00:00,elevated_consumption,info,Elevated consumption at 2026-05-17 12:15:00+00:00: 2372 W above normal for this time of day.
2026-05-17 12:30:00+00:00,elevated_consumption,info,Elevated consumption at 2026-05-17 12:30:00+00:00: 2198 W above normal for this time of day.
2026-05-17 12:45:00+00:00,elevated_consumption,info,Elevated consumption at 2026-05-17 12:45:00+00:00: 960 W above normal for this time of day.
2026-05-17 13:00:00+00:00,elevated_consumption,info,Elevated consumption at 2026-05-17 13:00:00+00:00: 2178 W above normal for this time of day.
2026-05-17 13:15:00+00:00,elevated_consumption,info,Elevated consumption at 2026-05-17 13:15:00+00:00: 858 W above normal for this time of day.
2026-05-17 13:30:00+00:00,elevated_consumption,info,Elevated consumption at 2026-05-17 13:30:00+00:00: 916 W above normal for this time of day.
2026-05-17 13:45:00+00:00,elevated_consumption,info,Elevated consumption at 2026-05-17 13:45:00+00:00: 2208 W above normal for this time of day.
2026-05-17 14:00:00+00:00,elevated_consumption,info,Elevated consumption at 2026-05-17 14:00:00+00:00: 924 W above normal for this time of day.
2026-05-17 14:15:00+00:00,elevated_consumption,info,Elevated consumption at 2026-05-17 14:15:00+00:00: 901 W above normal for this time of day.
2026-05-17 14:30:00+00:00,elevated_consumption,info,Elevated consumption at 2026-05-17 14:30:00+00:00: 2072 W above normal for this time of day.
2026-05-17 14:45:00+00:00,elevated_consumption,info,Elevated consumption at 2026-05-17 14:45:00+00:00: 828 W above normal for this time of day.
2026-05-17 15:00:00+00:00,elevated_consumption,info,Elevated consumption at 2026-05-17 15:00:00+00:00: 2358 W above normal for this time of day.
2026-05-17 15:15:00+00:00,elevated_consumption,info,Elevated consumption at 2026-05-17 15:15:00+00:00: 923 W above normal for this time of day.
2026-05-17 15:30:00+00:00,elevated_consumption,info,Elevated consumption at 2026-05-17 15:30:00+00:00: 1107 W above normal for this time of day.
2026-05-17 15:45:00+00:00,elevated_consumption,info,Elevated consumption at 2026-05-17 15:45:00+00:00: 1184 W above normal for this time of day.
2026-05-17 16:00:00+00:00,elevated_consumption,info,Elevated consumption at 2026-05-17 16:00:00+00:00: 2486 W above normal for this time of day.
2026-05-17 16:15:00+00:00,elevated_consumption,info,Elevated consumption at 2026-05-17 16:15:00+00:00: 2696 W above normal for this time of day.
2026-05-17 16:30:00+00:00,elevated_consumption,info,Elevated consumption at 2026-05-17 16:30:00+00:00: 2855 W above normal for this time of day.
2026-05-17 17:00:00+00:00,elevated_consumption,info,Elevated consumption at 2026-05-17 17:00:00+00:00: 3071 W above normal for this time of day.
2026-05-17 20:00:00+00:00,elevated_consumption,info,Elevated consumption at 2026-05-17 20:00:00+00:00: 3340 W above normal for this time of day.
2026-05-18 10:15:00+00:00,elevated_consumption,info,Elevated consumption at 2026-05-18 10:15:00+00:00: 1199 W above normal for this time of day.
2026-05-18 11:00:00+00:00,elevated_consumption,info,Elevated consumption at 2026-05-18 11:00:00+00:00: 2040 W above normal for this time of day.
2026-05-18 11:15:00+00:00,elevated_consumption,info,Elevated consumption at 2026-05-18 11:15:00+00:00: 2187 W above normal for this time of day.
2026-05-18 11:45:00+00:00,elevated_consumption,info,Elevated consumption at 2026-05-18 11:45:00+00:00: 2233 W above normal for this time of day.
2026-05-18 20:00:00+00:00,elevated_consumption,info,Elevated consumption at 2026-05-18 20:00:00+00:00: 3644 W above normal for this time of day.
2026-05-19 20:00:00+00:00,elevated_consumption,info,Elevated consumption at 2026-05-19 20:00:00+00:00: 3299 W above normal for this time of day.
2026-05-21 20:00:00+00:00,elevated_consumption,info,Elevated consumption at 2026-05-21 20:00:00+00:00: 3115 W above normal for this time of day.
2026-05-24 06:30:00+00:00,elevated_consumption,info,Elevated consumption at 2026-05-24 06:30:00+00:00: 3888 W above normal for this time of day.
2026-05-24 06:45:00+00:00,elevated_consumption,info,Elevated consumption at 2026-05-24 06:45:00+00:00: 3847 W above normal for this time of day.
2026-05-24 07:15:00+00:00,elevated_consumption,info,Elevated consumption at 2026-05-24 07:15:00+00:00: 3237 W above normal for this time of day.
2026-05-24 08:30:00+00:00,elevated_consumption,info,Elevated consumption at 2026-05-24 08:30:00+00:00: 1149 W above normal for this time of day.
2026-05-24 09:15:00+00:00,elevated_consumption,info,Elevated consumption at 2026-05-24 09:15:00+00:00: 1805 W above normal for this time of day.
2026-05-24 10:00:00+00:00,elevated_consumption,info,Elevated consumption at 2026-05-24 10:00:00+00:00: 1658 W above normal for this time of day.
2026-05-24 10:15:00+00:00,elevated_consumption,info,Elevated consumption at 2026-05-24 10:15:00+00:00: 1990 W above normal for this time of day.
2026-05-24 10:30:00+00:00,elevated_consumption,info,Elevated consumption at 2026-05-24 10:30:00+00:00: 1256 W above normal for this time of day.
2026-05-24 10:45:00+00:00,elevated_consumption,info,Elevated consumption at 2026-05-24 10:45:00+00:00: 1017 W above normal for this time of day.
2026-05-24 11:00:00+00:00,elevated_consumption,info,Elevated consumption at 2026-05-24 11:00:00+00:00: 2318 W above normal for this time of day.
2026-05-24 11:15:00+00:00,elevated_consumption,info,Elevated consumption at 2026-05-24 11:15:00+00:00: 2471 W above normal for this time of day.
2026-05-24 11:30:00+00:00,elevated_consumption,info,Elevated consumption at 2026-05-24 11:30:00+00:00: 1027 W above normal for this time of day.
2026-05-24 11:45:00+00:00,elevated_consumption,info,Elevated consumption at 2026-05-24 11:45:00+00:00: 1001 W above normal for this time of day.
2026-05-24 12:00:00+00:00,elevated_consumption,info,Elevated consumption at 2026-05-24 12:00:00+00:00: 2279 W above normal for this time of day.
2026-05-24 12:15:00+00:00,elevated_consumption,info,Elevated consumption at 2026-05-24 12:15:00+00:00: 1153 W above normal for this time of day.
2026-05-24 12:30:00+00:00,elevated_consumption,info,Elevated consumption at 2026-05-24 12:30:00+00:00: 2146 W above normal for this time of day.
2026-05-24 12:45:00+00:00,elevated_consumption,info,Elevated consumption at 2026-05-24 12:45:00+00:00: 914 W above normal for this time of day.
2026-05-24 13:00:00+00:00,elevated_consumption,info,Elevated consumption at 2026-05-24 13:00:00+00:00: 2311 W above normal for this time of day.
2026-05-24 13:15:00+00:00,elevated_consumption,info,Elevated consumption at 2026-05-24 13:15:00+00:00: 2191 W above normal for this time of day.
2026-05-24 13:45:00+00:00,elevated_consumption,info,Elevated consumption at 2026-05-24 13:45:00+00:00: 808 W above normal for this time of day.
2026-05-24 14:15:00+00:00,elevated_consumption,info,Elevated consumption at 2026-05-24 14:15:00+00:00: 2310 W above normal for this time of day.
2026-05-24 14:45:00+00:00,elevated_consumption,info,Elevated consumption at 2026-05-24 14:45:00+00:00: 2261 W above normal for this time of day.
2026-05-24 15:00:00+00:00,elevated_consumption,info,Elevated consumption at 2026-05-24 15:00:00+00:00: 932 W above normal for this time of day.
2026-05-24 15:15:00+00:00,elevated_consumption,info,Elevated consumption at 2026-05-24 15:15:00+00:00: 2366 W above normal for this time of day.
2026-05-24 15:30:00+00:00,elevated_consumption,info,Elevated consumption at 2026-05-24 15:30:00+00:00: 2497 W above normal for this time of day.
2026-05-24 16:00:00+00:00,elevated_consumption,info,Elevated consumption at 2026-05-24 16:00:00+00:00: 2636 W above normal for this time of day.
2026-05-24 16:30:00+00:00,elevated_consumption,info,Elevated consumption at 2026-05-24 16:30:00+00:00: 2829 W above normal for this time of day.
2026-05-25 10:30:00+00:00,elevated_consumption,info,Elevated consumption at 2026-05-25 10:30:00+00:00: 596 W above normal for this time of day.
2026-05-25 10:45:00+00:00,elevated_consumption,info,Elevated consumption at 2026-05-25 10:45:00+00:00: 637 W above normal for this time of day.
2026-05-25 20:00:00+00:00,elevated_consumption,info,Elevated consumption at 2026-05-25 20:00:00+00:00: 3058 W above normal for this time of day.
2026-05-26 20:00:00+00:00,elevated_consumption,info,Elevated consumption at 2026-05-26 20:00:00+00:00: 3242 W above normal for this time of day.
2026-05-27 20:00:00+00:00,elevated_consumption,info,Elevated consumption at 2026-05-27 20:00:00+00:00: 3016 W above normal for this time of day.
2026-05-29 11:00:00+00:00,elevated_consumption,info,Elevated consumption at 2026-05-29 11:00:00+00:00: 2263 W above normal for this time of day.
2026-05-30 09:30:00+00:00,elevated_consumption,info,Elevated consumption at 2026-05-30 09:30:00+00:00: 1866 W above normal for this time of day.
2026-05-30 09:45:00+00:00,elevated_consumption,info,Elevated consumption at 2026-05-30 09:45:00+00:00: 1606 W above normal for this time of day.
2026-05-30 10:00:00+00:00,elevated_consumption,info,Elevated consumption at 2026-05-30 10:00:00+00:00: 1900 W above normal for this time of day.
2026-05-30 10:15:00+00:00,elevated_consumption,info,Elevated consumption at 2026-05-30 10:15:00+00:00: 1530 W above normal for this time of day.
2026-05-30 10:30:00+00:00,elevated_consumption,info,Elevated consumption at 2026-05-30 10:30:00+00:00: 1103 W above normal for this time of day.
2026-05-30 10:45:00+00:00,elevated_consumption,info,Elevated consumption at 2026-05-30 10:45:00+00:00: 996 W above normal for this time of day.
2026-05-30 11:00:00+00:00,elevated_consumption,info,Elevated consumption at 2026-05-30 11:00:00+00:00: 2607 W above normal for this time of day.
2026-05-30 11:15:00+00:00,elevated_consumption,info,Elevated consumption at 2026-05-30 11:15:00+00:00: 2615 W above normal for this time of day.
2026-05-30 11:30:00+00:00,elevated_consumption,info,Elevated consumption at 2026-05-30 11:30:00+00:00: 2555 W above normal for this time of day.
2026-05-30 11:45:00+00:00,elevated_consumption,info,Elevated consumption at 2026-05-30 11:45:00+00:00: 2363 W above normal for this time of day.
2026-05-30 12:00:00+00:00,elevated_consumption,info,Elevated consumption at 2026-05-30 12:00:00+00:00: 956 W above normal for this time of day.
2026-05-30 12:15:00+00:00,elevated_consumption,info,Elevated consumption at 2026-05-30 12:15:00+00:00: 2480 W above normal for this time of day.
2026-05-30 12:30:00+00:00,elevated_consumption,info,Elevated consumption at 2026-05-30 12:30:00+00:00: 1069 W above normal for this time of day.
2026-05-30 12:45:00+00:00,elevated_consumption,info,Elevated consumption at 2026-05-30 12:45:00+00:00: 933 W above normal for this time of day.
2026-05-30 13:00:00+00:00,elevated_consumption,info,Elevated consumption at 2026-05-30 13:00:00+00:00: 2369 W above normal for this time of day.
2026-05-30 13:15:00+00:00,elevated_consumption,info,Elevated consumption at 2026-05-30 13:15:00+00:00: 2126 W above normal for this time of day.
2026-05-30 13:30:00+00:00,elevated_consumption,info,Elevated consumption at 2026-05-30 13:30:00+00:00: 776 W above normal for this time of day.
2026-05-30 13:45:00+00:00,elevated_consumption,info,Elevated consumption at 2026-05-30 13:45:00+00:00: 2150 W above normal for this time of day.
2026-05-30 14:00:00+00:00,elevated_consumption,info,Elevated consumption at 2026-05-30 14:00:00+00:00: 2227 W above normal for this time of day.
2026-05-30 14:15:00+00:00,elevated_consumption,info,Elevated consumption at 2026-05-30 14:15:00+00:00: 744 W above normal for this time of day.
2026-05-30 14:30:00+00:00,elevated_consumption,info,Elevated consumption at 2026-05-30 14:30:00+00:00: 2100 W above normal for this time of day.
2026-05-30 14:45:00+00:00,elevated_consumption,info,Elevated consumption at 2026-05-30 14:45:00+00:00: 2013 W above normal for this time of day.
2026-05-30 15:00:00+00:00,elevated_consumption,info,Elevated consumption at 2026-05-30 15:00:00+00:00: 2295 W above normal for this time of day.
2026-05-30 15:15:00+00:00,elevated_consumption,info,Elevated consumption at 2026-05-30 15:15:00+00:00: 2255 W above normal for this time of day.
2026-05-30 15:30:00+00:00,elevated_consumption,info,Elevated consumption at 2026-05-30 15:30:00+00:00: 1079 W above normal for this time of day.
2026-05-30 16:00:00+00:00,elevated_consumption,info,Elevated consumption at 2026-05-30 16:00:00+00:00: 2561 W above normal for this time of day.
2026-05-30 16:15:00+00:00,elevated_consumption,info,Elevated consumption at 2026-05-30 16:15:00+00:00: 2849 W above normal for this time of day.
2026-05-30 20:00:00+00:00,elevated_consumption,info,Elevated consumption at 2026-05-30 20:00:00+00:00: 3173 W above normal for this time of day.
2026-05-31 08:30:00+00:00,elevated_consumption,info,Elevated consumption at 2026-05-31 08:30:00+00:00: 968 W above normal for this time of day.
2026-05-31 09:30:00+00:00,elevated_consumption,info,Elevated consumption at 2026-05-31 09:30:00+00:00: 1493 W above normal for this time of day.
2026-05-31 09:45:00+00:00,elevated_consumption,info,Elevated consumption at 2026-05-31 09:45:00+00:00: 1516 W above normal for this time of day.
2026-05-31 10:00:00+00:00,elevated_consumption,info,Elevated consumption at 2026-05-31 10:00:00+00:00: 1686 W above normal for this time of day.
2026-05-31 10:15:00+00:00,elevated_consumption,info,Elevated consumption at 2026-05-31 10:15:00+00:00: 1584 W above normal for this time of day.
2026-05-31 10:30:00+00:00,elevated_consumption,info,Elevated consumption at 2026-05-31 10:30:00+00:00: 1217 W above normal for this time of day.
2026-05-31 10:45:00+00:00,elevated_consumption,info,Elevated consumption at 2026-05-31 10:45:00+00:00: 1106 W above normal for this time of day.
2026-05-31 11:00:00+00:00,elevated_consumption,info,Elevated consumption at 2026-05-31 11:00:00+00:00: 823 W above normal for this time of day.
2026-05-31 11:15:00+00:00,elevated_consumption,info,Elevated consumption at 2026-05-31 11:15:00+00:00: 947 W above normal for this time of day.
2026-05-31 11:30:00+00:00,elevated_consumption,info,Elevated consumption at 2026-05-31 11:30:00+00:00: 1175 W above normal for this time of day.
2026-05-31 11:45:00+00:00,elevated_consumption,info,Elevated consumption at 2026-05-31 11:45:00+00:00: 902 W above normal for this time of day.
2026-05-31 12:00:00+00:00,elevated_consumption,info,Elevated consumption at 2026-05-31 12:00:00+00:00: 2338 W above normal for this time of day.
2026-05-31 12:15:00+00:00,elevated_consumption,info,Elevated consumption at 2026-05-31 12:15:00+00:00: 920 W above normal for this time of day.
2026-05-31 12:30:00+00:00,elevated_consumption,info,Elevated consumption at 2026-05-31 12:30:00+00:00: 1032 W above normal for this time of day.
2026-05-31 12:45:00+00:00,elevated_consumption,info,Elevated consumption at 2026-05-31 12:45:00+00:00: 2039 W above normal for this time of day.
2026-05-31 13:00:00+00:00,elevated_consumption,info,Elevated consumption at 2026-05-31 13:00:00+00:00: 2309 W above normal for this time of day.
2026-05-31 13:15:00+00:00,elevated_consumption,info,Elevated consumption at 2026-05-31 13:15:00+00:00: 910 W above normal for this time of day.
2026-05-31 14:00:00+00:00,elevated_consumption,info,Elevated consumption at 2026-05-31 14:00:00+00:00: 782 W above normal for this time of day.
2026-05-31 14:15:00+00:00,elevated_consumption,info,Elevated consumption at 2026-05-31 14:15:00+00:00: 2106 W above normal for this time of day.
2026-05-31 15:15:00+00:00,elevated_consumption,info,Elevated consumption at 2026-05-31 15:15:00+00:00: 2026 W above normal for this time of day.
2026-05-31 16:00:00+00:00,elevated_consumption,info,Elevated consumption at 2026-05-31 16:00:00+00:00: 2327 W above normal for this time of day.
2026-05-31 16:15:00+00:00,elevated_consumption,info,Elevated consumption at 2026-05-31 16:15:00+00:00: 2392 W above normal for this time of day.
